dvl,26082,1493235007371355231,-0.19,-0.04,0.018000000000000002
dvl,26083,1493235007517246872,-0.19,-0.042,0.019
dvl,26084,1493235007643173448,-0.187,-0.041,0.019
dvl,26085,1493235007789112043,-0.166,-0.065,0.029
dvl,26086,1493235007957973236,-0.171,-0.041,0.025
dvl,26087,1493235008115880933,-0.097,0.032,0.053
dvl,26088,1493235008264802306,-0.178,-0.058,0.02
dvl,26089,1493235008390680332,-0.17200000000000001,-0.051000000000000004,0.021
dvl,26090,1493235008537581469,-0.17400000000000002,-0.06,0.02
dvl,26091,1493235008667523476,-0.169,-0.063,0.019
dvl,26092,1493235008817453369,-0.17400000000000002,-0.05,0.018000000000000002
dvl,26093,1493235008947304858,-0.17500000000000002,-0.026000000000000002,0.011
dvl,26094,1493235009098229486,-0.167,-0.011,0.007
dvl,26095,1493235009251151527,-0.164,0.0,0.003
dvl,26096,1493235009415048568,-0.158,0.015,-0.003
dvl,26097,1493235009564992698,-0.153,0.027,-0.007
dvl,26098,1493235009694867228,-0.147,0.03,-0.012
dvl,26099,1493235009840768022,-0.14100000000000001,0.035,-0.015
dvl,26100,1493235009991106610,-0.14,0.039,-0.014
dvl,26101,1493235010140637966,-0.139,0.039,-0.01
dvl,26102,1493235010290478623,-0.147,0.038,-0.008
dvl,26103,1493235010443377550,-0.14400000000000002,0.031,-0.003
dvl,26104,1493235010603326608,-0.14100000000000001,0.027,0.0
dvl,26105,1493235010733253570,-0.146,0.026000000000000002,0.002
dvl,26106,1493235010878146748,-0.139,0.021,0.003
dvl,26107,1493235011028002514,-0.14300000000000002,0.016,0.005
dvl,26108,1493235011157975357,-0.136,0.006,0.007
dvl,26109,1493235011288813376,-0.134,-0.003,0.007
dvl,26110,1493235011441731933,-0.107,-0.031,0.018000000000000002
dvl,26111,1493235011571632923,-0.128,-0.015,0.01
dvl,26112,1493235011728598455,-0.133,-0.013000000000000001,0.01
dvl,26113,1493235011809442080,-0.133,-0.013000000000000001,0.01
dvl,26114,1493235011952370589,-0.14,0.0,0.004
dvl,26115,1493235012098274747,-0.148,0.006,0.0
dvl,26116,1493235012249165315,-0.153,0.013000000000000001,-0.001
dvl,26117,1493235012379100564,-0.156,0.014,-0.002
dvl,26118,1493235012512012088,-0.16,0.017,-0.003
dvl,26119,1493235012664970204,-0.277,0.136,-0.05
dvl,26120,1493235012798841109,-0.156,0.02,-0.002
dvl,26121,1493235012954757275,-0.157,0.03,-0.003
dvl,26122,1493235013117677283,-0.166,0.03,-0.004
dvl,26123,1493235013247600692,-0.17200000000000001,0.045,-0.008
dvl,26124,1493235013315526265,-0.17200000000000001,0.045,-0.008
dvl,26125,1493235013387479123,-0.17200000000000001,0.045,-0.008
dvl,26126,1493235013553381208,-0.167,0.054,-0.005
dvl,26127,1493235013698316027,-0.184,0.055,-0.01
dvl,26128,1493235013847232783,-0.127,0.064,0.0
dvl,26129,1493235013979158437,-0.273,0.11800000000000001,0.062
dvl,26130,1493235014149041543,-0.273,0.11800000000000001,0.062
dvl,26131,1493235014305969837,-0.273,0.11800000000000001,0.062
dvl,26132,1493235014371963669,-0.273,0.11800000000000001,0.062
dvl,26133,1493235014440880671,-0.273,0.11800000000000001,0.062
dvl,26134,1493235014509849622,-0.273,0.11800000000000001,0.062
dvl,26135,1493235014579761310,-0.273,0.11800000000000001,0.062
dvl,26136,1493235014648776161,-0.273,0.11800000000000001,0.062
dvl,26137,1493235014717734533,-0.273,0.11800000000000001,0.062
dvl,26138,1493235014875657974,-0.226,0.04,0.0
dvl,26139,1493235014942615395,-0.226,0.04,0.0
dvl,26140,1493235015079482964,-0.233,0.052000000000000005,0.001
dvl,26141,1493235015208385677,-0.245,0.04,0.003
dvl,26142,1493235015362249517,-0.243,0.05,0.004
dvl,26143,1493235015505157969,-0.251,0.058,0.007
dvl,26144,1493235015634105417,-0.257,0.058,0.012
dvl,26145,1493235015701125560,-0.257,0.058,0.012
dvl,26146,1493235015837973777,-0.255,0.05,0.01
dvl,26147,1493235015987886566,-0.26,0.052000000000000005,0.012
dvl,26148,1493235016114761194,-0.256,0.047,0.012
dvl,26149,1493235016263699672,-0.258,0.047,0.013000000000000001
dvl,26150,1493235016410558318,-0.258,0.043000000000000003,0.013000000000000001
dvl,26151,1493235016585443768,-0.274,0.022,0.01
dvl,26152,1493235016748346392,-0.263,0.02,0.01
dvl,26153,1493235016898236981,-0.28,-0.006,0.006
dvl,26154,1493235017048140739,-0.241,0.0,0.014
dvl,26155,1493235017195065959,-0.232,0.0,0.019
dvl,26156,1493235017341013575,-0.223,-0.007,0.02
dvl,26157,1493235017486857873,-0.217,-0.014,0.018000000000000002
dvl,26158,1493235017631752835,-0.212,-0.016,0.019
dvl,26159,1493235017721712460,-0.212,-0.016,0.019
dvl,26160,1493235017804654194,-0.212,-0.016,0.019
dvl,26161,1493235017874587056,-0.212,-0.016,0.019
dvl,26162,1493235017943572425,-0.212,-0.016,0.019
dvl,26163,1493235018080498015,-0.203,-0.026000000000000002,0.016
dvl,26164,1493235018147447763,-0.203,-0.026000000000000002,0.016
dvl,26165,1493235018287343803,-0.2,-0.031,0.012
dvl,26166,1493235018437263303,-0.198,-0.032,0.012
dvl,26167,1493235018582144483,-0.193,-0.03,0.012
dvl,26168,1493235018713110056,-0.195,-0.024,0.012
dvl,26169,1493235018861990516,-0.197,-0.017,0.011
dvl,26170,1493235019013885293,-0.198,-0.004,0.009000000000000001
dvl,26171,1493235019156814505,-0.20500000000000002,0.001,0.007
dvl,26172,1493235019307670938,-0.209,0.002,0.007
dvl,26173,1493235019458567024,-0.213,0.009000000000000001,0.006
dvl,26174,1493235019610477830,-0.217,0.013000000000000001,0.007
dvl,26175,1493235019740421621,-0.218,0.021,0.007
dvl,26176,1493235019874334332,-0.217,0.017,0.006
dvl,26177,1493235020029208373,-0.306,0.10400000000000001,0.042
dvl,26178,1493235020184091502,-0.226,0.014,0.008
dvl,26179,1493235020331038933,-0.221,0.014,0.006
dvl,26180,1493235020464969900,-0.218,0.016,0.005
dvl,26181,1493235020598839352,-0.211,0.006,0.005
dvl,26182,1493235020753735378,-0.20500000000000002,-0.007,0.006
dvl,26183,1493235020904628870,-0.201,-0.011,0.004
dvl,26184,1493235021055539857,-0.28600000000000003,0.067,0.035
dvl,26185,1493235021206480084,-0.04,-0.181,-0.064
dvl,26186,1493235021381370517,-0.20500000000000002,-0.017,0.0
dvl,26187,1493235021529302543,-0.19,-0.028,-0.008
dvl,26188,1493235021662204964,-0.186,-0.032,-0.013000000000000001
dvl,26189,1493235021796116935,-0.184,-0.032,-0.016
dvl,26190,1493235021930008013,-0.184,-0.027,-0.017
dvl,26191,1493235022063990485,-0.187,-0.029,-0.019
dvl,26192,1493235022217866651,-0.222,0.006,-0.007
dvl,26193,1493235022348804874,-0.183,-0.032,-0.023
dvl,26194,1493235022482683987,-0.177,-0.031,-0.024
dvl,26195,1493235022639619126,-0.184,-0.004,-0.014
dvl,26196,1493235022802476280,-0.169,-0.045,-0.028
dvl,26197,1493235022952405585,-0.25,0.035,0.004
dvl,26198,1493235023083377613,-0.181,-0.034,-0.021
dvl,26199,1493235023217237060,-0.182,-0.037,-0.02
dvl,26200,1493235023371153906,-0.184,-0.037,-0.019
dvl,26201,1493235023523051856,-0.178,-0.043000000000000003,-0.02
dvl,26202,1493235023673968350,-0.178,-0.046,-0.018000000000000002
dvl,26203,1493235023827857411,-0.181,-0.045,-0.016
dvl,26204,1493235023994768303,-0.17200000000000001,-0.051000000000000004,-0.018000000000000002
dvl,26205,1493235024128704339,-0.17500000000000002,-0.05,-0.018000000000000002
dvl,26206,1493235024283619453,-0.17500000000000002,-0.054,-0.02
dvl,26207,1493235024433540637,-0.178,-0.045,-0.021
dvl,26208,1493235024564444013,-0.184,-0.029,-0.025
dvl,26209,1493235024698344961,-0.178,-0.024,-0.027
dvl,26210,1493235024831283446,-0.181,-0.023,-0.03
dvl,26211,1493235024987203909,-0.186,-0.02,-0.031
dvl,26212,1493235025166057196,-0.183,-0.016,-0.034
dvl,26213,1493235025313015694,-0.186,-0.008,-0.034
dvl,26214,1493235025467873961,-0.184,-0.011,-0.037
dvl,26215,1493235025622814471,-0.18,-0.009000000000000001,-0.037
dvl,26216,1493235025777730384,-0.182,-0.006,-0.038
dvl,26217,1493235025932597105,-0.183,-0.004,-0.04
dvl,26218,1493235026087546821,-0.183,-0.015,-0.039
dvl,26219,1493235026242388846,-0.17500000000000002,-0.023,-0.039
dvl,26220,1493235026421289152,-0.177,-0.026000000000000002,-0.039
dvl,26221,1493235026589156328,-0.17500000000000002,-0.032,-0.039
dvl,26222,1493235026744076403,-0.176,-0.037,-0.038
dvl,26223,1493235026899018373,-0.178,-0.045,-0.035
dvl,26224,1493235027053859228,-0.17400000000000002,-0.043000000000000003,-0.033
dvl,26225,1493235027208761027,-0.171,-0.042,-0.031
dvl,26226,1493235027363682857,-0.17400000000000002,-0.044,-0.03
dvl,26227,1493235027517604224,-0.176,-0.033,-0.03
dvl,26228,1493235027696538452,-0.193,-0.008,-0.032
dvl,26229,1493235027864394464,-0.199,0.013000000000000001,-0.033
dvl,26230,1493235028019276260,-0.201,0.017,-0.03
dvl,26231,1493235028174187877,-0.20700000000000002,0.024,-0.028
dvl,26232,1493235028328124619,-0.20800000000000002,0.02,-0.023
dvl,26233,1493235028483047655,-0.20800000000000002,0.02,-0.02
dvl,26234,1493235028634021146,-0.211,0.013000000000000001,-0.018000000000000002
dvl,26235,1493235028788822541,-0.202,-0.001,-0.018000000000000002
dvl,26236,1493235028966731124,-0.186,-0.014,-0.014
dvl,26237,1493235029134582416,-0.177,-0.037,-0.012
dvl,26238,1493235029288548317,-0.17,-0.048,-0.012
dvl,26239,1493235029443400966,-0.167,-0.056,-0.012
dvl,26240,1493235029594294688,-0.166,-0.065,-0.014
dvl,26241,1493235029749205539,-0.162,-0.07200000000000001,-0.015
dvl,26242,1493235029900152795,-0.158,-0.07100000000000001,-0.015
dvl,26243,1493235030050968697,-0.167,-0.067,-0.018000000000000002
dvl,26244,1493235030226908021,-0.17500000000000002,-0.049,-0.021
dvl,26245,1493235030390788417,-0.176,-0.041,-0.021
dvl,26246,1493235030542674696,-0.187,-0.024,-0.023
dvl,26247,1493235030693589046,-0.187,-0.007,-0.022
dvl,26248,1493235030845477301,-0.195,0.01,-0.022
dvl,26249,1493235030996415730,-0.2,0.02,-0.02
dvl,26250,1493235031148357266,-0.202,0.032,-0.017
dvl,26251,1493235031299196826,-0.20400000000000001,0.032,-0.011
dvl,26252,1493235031474082561,-0.201,0.025,-0.007
dvl,26253,1493235031638978674,-0.198,0.017,-0.002
dvl,26254,1493235031789859516,-0.197,0.01,0.001
dvl,26255,1493235031940770644,-0.187,-0.006,0.005
dvl,26256,1493235032092680360,-0.179,-0.018000000000000002,0.007
dvl,26257,1493235032243627389,-0.176,-0.026000000000000002,0.005
dvl,26258,1493235032394533754,-0.177,-0.028,0.004
dvl,26259,1493235032545430762,-0.17300000000000001,-0.036000000000000004,0.005
dvl,26260,1493235032721287607,-0.177,-0.04,0.003
dvl,26261,1493235032885196675,-0.171,-0.034,0.002
dvl,26262,1493235033037085924,-0.168,-0.031,0.001
dvl,26263,1493235033191013016,-0.166,-0.018000000000000002,-0.003
dvl,26264,1493235033341859867,-0.161,0.001,-0.007
dvl,26265,1493235033496772864,-0.163,0.018000000000000002,-0.01
dvl,26266,1493235033647668884,-0.156,0.029,-0.011
dvl,26267,1493235033802588867,-0.159,0.037,-0.012
dvl,26268,1493235033977463628,-0.155,0.045,-0.013000000000000001
dvl,26269,1493235034142401113,-0.154,0.046,-0.011
dvl,26270,1493235034293240636,-0.155,0.043000000000000003,-0.009000000000000001
dvl,26271,1493235034444199050,-0.15,0.035,-0.004
dvl,26272,1493235034595065006,-0.148,0.02,-0.001
dvl,26273,1493235034747021053,-0.14400000000000002,0.014,0.003
dvl,26274,1493235034897827154,-0.147,0.007,0.005
dvl,26275,1493235035049879825,-0.146,0.002,0.007
dvl,26276,1493235035224640530,-0.146,0.002,0.008
dvl,26277,1493235035388533416,-0.146,0.006,0.008
dvl,26278,1493235035540480661,-0.148,0.017,0.007
dvl,26279,1493235035691420875,-0.148,0.024,0.006
dvl,26280,1493235035846251745,-0.15,0.038,0.008
dvl,26281,1493235035997166139,-0.146,0.037,0.008
dvl,26282,1493235036152045053,-0.14200000000000002,0.042,0.012
dvl,26283,1493235036305960010,-0.14,0.041,0.014
dvl,26284,1493235036483866245,-0.138,0.035,0.02
dvl,26285,1493235036651768573,-0.128,0.028,0.021
dvl,26286,1493235036806684474,-0.126,0.027,0.022
dvl,26287,1493235036961527801,-0.128,0.018000000000000002,0.022
dvl,26288,1493235037116445145,-0.126,0.013000000000000001,0.021
dvl,26289,1493235037271342015,-0.122,0.011,0.02
dvl,26290,1493235037425283410,-0.125,0.008,0.019
dvl,26291,1493235037580185009,-0.122,0.005,0.02
dvl,26292,1493235037759063408,-0.12,0.004,0.021
dvl,26293,1493235037926967109,-0.121,0.001,0.019
dvl,26294,1493235038081858228,-0.12,-0.001,0.019
dvl,26295,1493235038236755738,-0.121,0.001,0.015
dvl,26296,1493235038391716416,-0.125,0.003,0.012
dvl,26297,1493235038545624953,-0.127,0.013000000000000001,0.011
dvl,26298,1493235038700482463,-0.13,0.02,0.011
dvl,26299,1493235038855388246,-0.132,0.025,0.009000000000000001
dvl,26300,1493235039034279221,-0.138,0.029,0.01
dvl,26301,1493235039202164857,-0.137,0.037,0.012
dvl,26302,1493235039357046161,-0.14,0.038,0.012
dvl,26303,1493235039512967330,-0.14100000000000001,0.047,0.012
dvl,26304,1493235039667838880,-0.149,0.049,0.013000000000000001
dvl,26305,1493235039822734007,-0.148,0.048,0.016
dvl,26306,1493235039977642280,-0.15,0.048,0.019
dvl,26307,1493235040132538182,-0.155,0.046,0.02
dvl,26308,1493235040311385851,-0.16,0.049,0.022
dvl,26309,1493235040480342519,-0.155,0.053,0.023
dvl,26310,1493235040635277271,-0.159,0.051000000000000004,0.025
dvl,26311,1493235040790102474,-0.162,0.042,0.027
dvl,26312,1493235040946005918,-0.165,0.039,0.029
dvl,26313,1493235041100874840,-0.16,0.023,0.031
dvl,26314,1493235041256786615,-0.147,0.003,0.032
dvl,26315,1493235041412697022,-0.14200000000000002,-0.009000000000000001,0.032
dvl,26316,1493235041591562285,-0.133,-0.022,0.03
dvl,26317,1493235041760481950,-0.127,-0.029,0.023
dvl,26318,1493235041916349901,-0.123,-0.036000000000000004,0.019
dvl,26319,1493235042072283235,-0.124,-0.032,0.014
dvl,26320,1493235042228208576,-0.126,-0.021,0.007
dvl,26321,1493235042384080045,-0.132,-0.01,0.003
dvl,26322,1493235042540003028,-0.135,-0.002,0.0
dvl,26323,1493235042695920830,-0.134,0.01,-0.003
dvl,26324,1493235042874763604,-0.139,0.025,-0.005
dvl,26325,1493235043043713442,-0.148,0.04,-0.007
dvl,26326,1493235043199540143,-0.153,0.058,-0.008
dvl,26327,1493235043355502609,-0.161,0.075,-0.008
dvl,26328,1493235043511431846,-0.168,0.089,-0.005
dvl,26329,1493235043667275503,-0.179,0.085,-0.002
dvl,26330,1493235043823166614,-0.19,0.08700000000000001,0.005
dvl,26331,1493235043979092447,-0.188,0.074,0.011
dvl,26332,1493235044158978031,-0.192,0.06,0.019
dvl,26333,1493235044330836991,-0.189,0.048,0.021
dvl,26334,1493235044486754306,-0.185,0.035,0.026000000000000002
dvl,26335,1493235044642623409,-0.182,0.028,0.027
dvl,26336,1493235044800531822,-0.184,0.022,0.028
dvl,26337,1493235044960385519,-0.183,0.011,0.029
dvl,26338,1493235045118302892,-0.178,0.0,0.028
dvl,26339,1493235045277202931,-0.176,0.0,0.027
dvl,26340,1493235045461060091,-0.18,0.009000000000000001,0.024
dvl,26341,1493235045632972834,-0.179,0.015,0.019
dvl,26342,1493235045791875466,-0.17300000000000001,0.017,0.015
dvl,26343,1493235045950757821,-0.17,0.017,0.012
dvl,26344,1493235046110656015,-0.164,0.017,0.009000000000000001
dvl,26345,1493235046269537745,-0.161,0.019,0.005
dvl,26346,1493235046428442125,-0.158,0.016,0.0
dvl,26347,1493235046587369382,-0.153,0.015,-0.004
dvl,26348,1493235046771198415,-0.154,0.012,-0.008
dvl,26349,1493235046943094285,-0.149,0.009000000000000001,-0.008
dvl,26350,1493235047103031759,-0.14400000000000002,0.007,-0.009000000000000001
dvl,26351,1493235047263045415,-0.14200000000000002,0.006,-0.009000000000000001
dvl,26352,1493235047421817690,-0.14100000000000001,0.003,-0.007
dvl,26353,1493235047581735822,-0.14300000000000002,-0.001,-0.005
dvl,26354,1493235047740620820,-0.14300000000000002,-0.003,-0.002
dvl,26355,1493235047900474290,-0.14100000000000001,-0.008,0.0
dvl,26356,1493235048061402584,-0.139,-0.008,0.005
dvl,26357,1493235048233301992,-0.139,-0.011,0.008
dvl,26358,1493235048393208175,-0.14,-0.016,0.01
dvl,26359,1493235048553090261,-0.139,-0.018000000000000002,0.013000000000000001
dvl,26360,1493235048712015792,-0.14100000000000001,-0.016,0.014
dvl,26361,1493235048872822300,-0.14,-0.017,0.016
dvl,26362,1493235049031775943,-0.14100000000000001,-0.01,0.012
dvl,26363,1493235049191670179,-0.151,0.004,0.007
dvl,26364,1493235049375549926,-0.153,0.009000000000000001,0.004
dvl,26365,1493235049548389785,-0.155,0.016,0.003
dvl,26366,1493235049707315888,-0.155,0.016,0.002
dvl,26367,1493235049867248958,-0.153,0.013000000000000001,0.0
dvl,26368,1493235050027139532,-0.151,0.011,-0.002
dvl,26369,1493235050187051969,-0.151,0.007,-0.005
dvl,26370,1493235050345869568,-0.15,0.0,-0.01
dvl,26371,1493235050505785216,-0.148,0.001,-0.013000000000000001
dvl,26372,1493235050689680082,-0.151,0.001,-0.017
dvl,26373,1493235050862636724,-0.154,0.006,-0.019
dvl,26374,1493235051023425310,-0.155,0.01,-0.023
dvl,26375,1493235051183306588,-0.157,0.011,-0.024
dvl,26376,1493235051343200261,-0.162,0.017,-0.024
dvl,26377,1493235051503113635,-0.171,0.025,-0.025
dvl,26378,1493235051662979864,-0.181,0.031,-0.026000000000000002
dvl,26379,1493235051822864320,-0.183,0.032,-0.022
dvl,26380,1493235052006741417,-0.185,0.031,-0.017
dvl,26381,1493235052179642597,-0.182,0.026000000000000002,-0.015
dvl,26382,1493235052338519481,-0.151,0.048,0.0
dvl,26383,1493235052498443459,-0.209,-0.02,-0.025
dvl,26384,1493235052657376052,-0.189,-0.008,-0.019
dvl,26385,1493235052817249924,-0.17500000000000002,-0.002,-0.016
dvl,26386,1493235052977145324,-0.171,0.002,-0.014
dvl,26387,1493235053137046449,-0.17,-0.002,-0.012
dvl,26388,1493235053320962049,-0.169,-0.005,-0.016
dvl,26389,1493235053492822476,-0.163,-0.003,-0.02
dvl,26390,1493235053652722546,-0.17,0.0,-0.021
dvl,26391,1493235053812618316,-0.166,-0.005,-0.022
dvl,26392,1493235053972492245,-0.162,0.0,-0.025
dvl,26393,1493235054132377313,-0.164,0.0,-0.024
dvl,26394,1493235054292261095,-0.165,0.0,-0.022
dvl,26395,1493235054452218994,-0.165,0.003,-0.023
dvl,26396,1493235054636056683,-0.166,0.011,-0.024
dvl,26397,1493235054808971476,-0.165,0.018000000000000002,-0.024
dvl,26398,1493235054967881168,-0.167,0.021,-0.023
dvl,26399,1493235055127799336,-0.17500000000000002,0.026000000000000002,-0.021
dvl,26400,1493235055287647849,-0.184,0.032,-0.018000000000000002
dvl,26401,1493235055446546091,-0.19,0.035,-0.016
dvl,26402,1493235055606497874,-0.2,0.042,-0.014
dvl,26403,1493235055766343086,-0.20600000000000002,0.045,-0.011
dvl,26404,1493235055949210507,-0.212,0.042,-0.004
dvl,26405,1493235056122157907,-0.218,0.039,0.0
dvl,26406,1493235056281016263,-0.223,0.033,0.005
dvl,26407,1493235056440996754,-0.226,0.029,0.011
dvl,26408,1493235056600964784,-0.219,0.021,0.013000000000000001
dvl,26409,1493235056760678747,-0.215,0.01,0.017
dvl,26410,1493235056919640755,-0.214,0.0,0.016
dvl,26411,1493235057079519554,-0.20500000000000002,-0.008,0.015
dvl,26412,1493235057263408725,-0.20700000000000002,-0.015,0.014
dvl,26413,1493235057436253816,-0.20700000000000002,-0.019,0.012
dvl,26414,1493235057596171534,-0.201,-0.022,0.009000000000000001
dvl,26415,1493235057756064029,-0.197,-0.022,0.007
dvl,26416,1493235057915968408,-0.194,-0.022,0.005
dvl,26417,1493235058075827967,-0.197,-0.018000000000000002,0.0
dvl,26418,1493235058235744652,-0.2,-0.015,-0.004
dvl,26419,1493235058395720529,-0.20500000000000002,-0.013000000000000001,-0.006
dvl,26420,1493235058579579874,-0.20600000000000002,-0.006,-0.005
dvl,26421,1493235058752460280,-0.20400000000000001,-0.01,-0.003
dvl,26422,1493235058913353331,-0.201,-0.011,-0.002
dvl,26423,1493235059073256002,-0.2,-0.011,0.0
dvl,26424,1493235059233154725,-0.203,-0.009000000000000001,0.0
dvl,26425,1493235059394080849,-0.20600000000000002,-0.012,0.004
dvl,26426,1493235059553991308,-0.209,-0.013000000000000001,0.005
dvl,26427,1493235059713828428,-0.212,-0.013000000000000001,0.006
dvl,26428,1493235059875784251,-0.216,-0.008,0.006
dvl,26429,1493235060048590776,-0.219,-0.011,0.01
dvl,26430,1493235060207610102,-0.217,-0.014,0.011
dvl,26431,1493235060367461938,-0.215,-0.013000000000000001,0.011
dvl,26432,1493235060527385540,-0.223,-0.013000000000000001,0.011
dvl,26433,1493235060686207857,-0.221,-0.005,0.011
dvl,26434,1493235060846111819,-0.222,0.003,0.009000000000000001
dvl,26435,1493235061004997372,-0.224,0.015,0.009000000000000001
dvl,26436,1493235061187915908,-0.231,0.015,0.012
dvl,26437,1493235061360734509,-0.23700000000000002,0.017,0.011
dvl,26438,1493235061520635413,-0.23700000000000002,0.013000000000000001,0.012
dvl,26439,1493235061679539980,-0.23500000000000001,0.018000000000000002,0.012
dvl,26440,1493235061839453881,-0.23600000000000002,0.021,0.012
dvl,26441,1493235061976369840,-0.243,0.027,0.009000000000000001
dvl,26442,1493235062114261459,-0.242,0.028,0.012
dvl,26443,1493235062275204634,-0.241,0.029,0.011
dvl,26444,1493235062459039325,-0.242,0.03,0.014
dvl,26445,1493235062632867221,-0.245,0.034,0.009000000000000001
dvl,26446,1493235062793830480,-0.247,0.036000000000000004,0.012
dvl,26447,1493235062956694208,-0.244,0.033,0.013000000000000001
dvl,26448,1493235063120567883,-0.244,0.032,0.015
dvl,26449,1493235063284483157,-0.25,0.035,0.015
dvl,26450,1493235063447393689,-0.249,0.037,0.017
dvl,26451,1493235063611263970,-0.245,0.031,0.017
dvl,26452,1493235063798173710,-0.244,0.03,0.018000000000000002
dvl,26453,1493235063975085982,-0.245,0.03,0.021
dvl,26454,1493235064139034612,-0.241,0.027,0.021
dvl,26455,1493235064302851914,-0.241,0.027,0.019
dvl,26456,1493235064466662800,-0.23700000000000002,0.029,0.019
dvl,26457,1493235064631593396,-0.241,0.031,0.019
dvl,26458,1493235064795511802,-0.24,0.026000000000000002,0.019
dvl,26459,1493235064959402056,-0.23800000000000002,0.03,0.019
dvl,26460,1493235065147336845,-0.233,0.027,0.02
dvl,26461,1493235065324203782,-0.23700000000000002,0.031,0.019
dvl,26462,1493235065488070224,-0.23700000000000002,0.04,0.019
dvl,26463,1493235065652994296,-0.241,0.046,0.019
dvl,26464,1493235065816907488,-0.241,0.045,0.02
dvl,26465,1493235065981766130,-0.245,0.05,0.02
dvl,26466,1493235066146658912,-0.24,0.047,0.019
dvl,26467,1493235066311594316,-0.245,0.051000000000000004,0.018000000000000002
dvl,26468,1493235066500442387,-0.243,0.051000000000000004,0.021
dvl,26469,1493235066678341985,-0.241,0.056,0.023
dvl,26470,1493235066843288732,-0.248,0.055,0.025
dvl,26471,1493235067008146189,-0.253,0.056,0.026000000000000002
dvl,26472,1493235067173010099,-0.262,0.064,0.025
dvl,26473,1493235067337969109,-0.25,0.057,0.031
dvl,26474,1493235067506859556,-0.255,0.058,0.031
dvl,26475,1493235067671697898,-0.252,0.055,0.032
dvl,26476,1493235067839607366,-0.244,0.05,0.034
dvl,26477,1493235068020509395,-0.28700000000000003,-0.005,0.054
dvl,26478,1493235068164418352,-0.23900000000000002,0.044,0.035
dvl,26479,1493235068309291885,-0.23500000000000001,0.041,0.033
dvl,26480,1493235068453199722,-0.218,0.025,0.035
dvl,26481,1493235068598123117,-0.20800000000000002,0.011,0.03
dvl,26482,1493235068670083604,-0.20800000000000002,0.011,0.03
dvl,26483,1493235068828977171,-0.191,-0.006,0.022
dvl,26484,1493235068996869287,-0.183,-0.01,0.016
dvl,26485,1493235069162813844,-0.178,-0.013000000000000001,0.011
dvl,26486,1493235069340636671,-0.184,-0.006,0.005
dvl,26487,1493235069505583038,-0.192,0.002,0.0
dvl,26488,1493235069670387032,-0.192,0.004,0.0
dvl,26489,1493235069835390245,-0.192,0.01,0.002
dvl,26490,1493235069980266572,-0.191,0.014,0.003
dvl,26491,1493235070148119951,-0.185,0.018000000000000002,0.002
dvl,26492,1493235070317040562,-0.189,0.022,0.001
dvl,26493,1493235070508977097,-0.19,0.023,0.003
dvl,26494,1493235070689803245,-0.187,0.026000000000000002,0.005
dvl,26495,1493235070857654895,-0.187,0.025,0.005
dvl,26496,1493235070929649186,-0.187,0.025,0.005
dvl,26497,1493235071114479294,-0.187,0.016,0.008
dvl,26498,1493235071283404009,-0.181,0.014,0.007
dvl,26499,1493235071451323759,-0.177,0.015,0.004
dvl,26500,1493235071596222146,-0.181,0.013000000000000001,0.0
dvl,26501,1493235071789057589,-0.177,0.008,-0.002
dvl,26502,1493235071970981423,-0.171,0.008,-0.006
dvl,26503,1493235072139867955,-0.168,0.01,-0.011
dvl,26504,1493235072308735684,-0.162,0.009000000000000001,-0.015
dvl,26505,1493235072477673054,-0.161,0.01,-0.018000000000000002
dvl,26506,1493235072646531407,-0.154,0.013000000000000001,-0.023
dvl,26507,1493235072814498601,-0.152,0.018000000000000002,-0.026000000000000002
dvl,26508,1493235073007356548,-0.158,0.037,-0.032
dvl,26509,1493235073189181990,-0.17400000000000002,0.066,-0.036000000000000004
dvl,26510,1493235073358112138,-0.177,0.108,-0.033
dvl,26511,1493235073503030681,-0.168,0.129,-0.026000000000000002
dvl,26512,1493235073671877866,-0.186,0.131,-0.024
dvl,26513,1493235073840803233,-0.186,0.14200000000000002,-0.019
dvl,26514,1493235074009682277,-0.186,0.157,-0.016
dvl,26515,1493235074202603248,-0.176,0.168,-0.009000000000000001
dvl,26516,1493235074384445539,-0.163,0.168,-0.003
dvl,26517,1493235074552343498,-0.149,0.161,-0.001
dvl,26518,1493235074721256307,-0.129,0.163,-0.001
dvl,26519,1493235074890119166,-0.115,0.197,-0.003
dvl,26520,1493235075059052382,-0.1,0.15,-0.005
dvl,26521,1493235075202997986,-0.099,0.129,-0.005
dvl,26522,1493235075371831049,-0.08600000000000001,0.116,-0.008
dvl,26523,1493235075564718705,-0.085,0.113,-0.01
dvl,26524,1493235075746663217,-0.095,0.131,-0.013000000000000001
dvl,26525,1493235075915540406,-0.1,0.15,-0.019
dvl,26526,1493235076084430700,-0.111,0.165,-0.015
dvl,26527,1493235076252341856,-0.127,0.177,-0.008
dvl,26528,1493235076421243360,-0.134,0.18,0.0
dvl,26529,1493235076589127447,-0.134,0.182,0.003
dvl,26530,1493235076782002262,-0.145,0.192,0.003
dvl,26531,1493235076963866172,-0.154,0.2,0.01
dvl,26532,1493235077108811736,-0.163,0.202,0.013000000000000001
dvl,26533,1493235077273695658,-0.157,0.209,0.019
dvl,26534,1493235077418628004,-0.149,0.233,0.019
dvl,26535,1493235077587482613,-0.147,0.212,0.018000000000000002
dvl,26536,1493235077756386132,-0.146,0.226,0.017
dvl,26537,1493235077924740086,-0.134,0.223,0.008
dvl,26538,1493235078117163087,-0.132,0.197,0.006
dvl,26539,1493235078299027894,-0.127,0.19,0.002
dvl,26540,1493235078467965798,-0.123,0.192,-0.003
dvl,26541,1493235078636826476,-0.12,0.201,-0.012
dvl,26542,1493235078805765352,-0.11800000000000001,0.20600000000000002,-0.008
dvl,26543,1493235078974620482,-0.122,0.218,-0.009000000000000001
dvl,26544,1493235079143490727,-0.129,0.219,-0.009000000000000001
dvl,26545,1493235079336390960,-0.137,0.226,-0.007
dvl,26546,1493235079518319100,-0.14100000000000001,0.25,-0.003
dvl,26547,1493235079687152924,-0.123,0.277,-0.001
dvl,26548,1493235079855060012,-0.116,0.307,-0.002
dvl,26549,1493235080000052917,-0.11,0.32,-0.006
dvl,26550,1493235080144811116,-0.1,0.34800000000000003,-0.01
dvl,26551,1493235080312766347,-0.098,0.336,-0.015
dvl,26552,1493235080481645270,-0.109,0.315,-0.011
dvl,26553,1493235080673552887,-0.10300000000000001,0.299,-0.01
dvl,26554,1493235080855453925,-0.099,0.277,-0.01
dvl,26555,1493235080999353097,-0.095,0.277,-0.013000000000000001
dvl,26556,1493235081144279164,-0.096,0.276,-0.016
dvl,26557,1493235081309164407,-0.085,0.272,-0.019
dvl,26558,1493235081478078350,-0.088,0.273,-0.023
dvl,26559,1493235081646979937,-0.08,0.267,-0.024
dvl,26560,1493235081814815004,-0.07,0.26,-0.031
dvl,26561,1493235082007723660,-0.069,0.26,-0.032
dvl,26562,1493235082188506158,-0.081,0.25,-0.028
dvl,26563,1493235082353436459,-0.08,0.251,-0.025
dvl,26564,1493235082518302201,-0.084,0.255,-0.024
dvl,26565,1493235082660149485,-0.08600000000000001,0.256,-0.023
dvl,26566,1493235082825009884,-0.091,0.258,-0.017
dvl,26567,1493235082989024248,-0.084,0.29,-0.018000000000000002
dvl,26568,1493235083153831986,-0.085,0.273,-0.016
dvl,26569,1493235083342699274,-0.085,0.275,-0.015
dvl,26570,1493235083519559002,-0.082,0.26,-0.015
dvl,26571,1493235083684477908,-0.082,0.261,-0.014
dvl,26572,1493235083849352507,-0.073,0.266,-0.014
dvl,26573,1493235083990295328,-0.066,0.289,-0.011
dvl,26574,1493235084154207996,-0.076,0.28200000000000003,-0.02
dvl,26575,1493235084295168908,-0.088,0.275,-0.019
dvl,26576,1493235084435980807,-0.10200000000000001,0.269,-0.019
dvl,26577,1493235084600864704,-0.112,0.272,-0.015
dvl,26578,1493235084776721853,-0.113,0.276,-0.011
dvl,26579,1493235084847711530,-0.113,0.276,-0.011
dvl,26580,1493235085027683986,-0.115,0.281,-0.006
dvl,26581,1493235085168480659,-0.113,0.303,-0.001
dvl,26582,1493235085306454335,-0.109,0.307,-0.003
dvl,26583,1493235085376343199,-0.109,0.307,-0.003
dvl,26584,1493235085528240182,-0.126,0.291,-0.004
dvl,26585,1493235085666214038,-0.12,0.3,0.0
dvl,26586,1493235085827118497,-0.122,0.297,-0.002
dvl,26587,1493235085978053662,-0.11900000000000001,0.303,0.002
dvl,26588,1493235086115914705,-0.117,0.325,-0.003
dvl,26589,1493235086253825505,-0.117,0.311,0.0
dvl,26590,1493235086391779663,-0.124,0.297,-0.006
dvl,26591,1493235086529752521,-0.122,0.295,-0.006
dvl,26592,1493235086667967238,-0.115,0.318,-0.006
dvl,26593,1493235086805489848,-0.105,0.34600000000000003,-0.012
dvl,26594,1493235086942413843,-0.106,0.321,-0.016
dvl,26595,1493235087126347681,-0.107,0.307,-0.015
dvl,26596,1493235087278185298,-0.10300000000000001,0.296,-0.019
dvl,26597,1493235087438085817,-0.108,0.28800000000000003,-0.017
dvl,26598,1493235087508059047,-0.108,0.28800000000000003,-0.017
dvl,26599,1493235087683982500,-0.10300000000000001,0.292,-0.018000000000000002
dvl,26600,1493235087844819695,-0.106,0.292,-0.018000000000000002
dvl,26601,1493235087982759484,-0.106,0.29,-0.018000000000000002
dvl,26602,1493235088145649494,-0.109,0.28800000000000003,-0.017
dvl,26603,1493235088307581938,-0.112,0.291,-0.018000000000000002
dvl,26604,1493235088480437070,-0.101,0.326,-0.015
dvl,26605,1493235088641355461,-0.106,0.307,-0.013000000000000001
dvl,26606,1493235088801270705,-0.106,0.295,-0.012
dvl,26607,1493235088871266762,-0.106,0.295,-0.012
dvl,26608,1493235089048095086,-0.1,0.28,-0.008
dvl,26609,1493235089207999782,-0.091,0.272,-0.007
dvl,26610,1493235089367835804,-0.08600000000000001,0.262,-0.008
dvl,26611,1493235089551985005,-0.083,0.264,-0.013000000000000001
dvl,26612,1493235089724666444,-0.075,0.254,-0.013000000000000001
dvl,26613,1493235089884526713,-0.075,0.28400000000000003,-0.018000000000000002
dvl,26614,1493235090044398316,-0.077,0.292,-0.022
dvl,26615,1493235090203395494,-0.077,0.317,-0.026000000000000002
dvl,26616,1493235090274297888,-0.077,0.317,-0.026000000000000002
dvl,26617,1493235090450226315,-0.07100000000000001,0.339,-0.034
dvl,26618,1493235090610135098,-0.063,0.317,-0.036000000000000004
dvl,26619,1493235090794000016,-0.061,0.305,-0.038
dvl,26620,1493235090967821941,-0.06,0.299,-0.044
dvl,26621,1493235091127705553,-0.057,0.306,-0.047
dvl,26622,1493235091287590132,-0.066,0.317,-0.048
dvl,26623,1493235091447520170,-0.063,0.361,-0.05
dvl,26624,1493235091607452183,-0.079,0.383,-0.047
dvl,26625,1493235091745367598,-0.069,0.388,-0.039
dvl,26626,1493235091904221450,-0.081,0.385,-0.042
dvl,26627,1493235091998196526,-0.081,0.385,-0.042
dvl,26628,1493235092085104941,-0.081,0.385,-0.042
dvl,26629,1493235092232023452,-0.079,0.368,-0.046
dvl,26630,1493235092368991100,-0.089,0.369,-0.04
dvl,26631,1493235092527783837,-0.092,0.353,-0.045
dvl,26632,1493235092661689381,-0.085,0.34700000000000003,-0.043000000000000003
dvl,26633,1493235092730647577,-0.085,0.34700000000000003,-0.043000000000000003
dvl,26634,1493235092874647293,-0.095,0.334,-0.048
dvl,26635,1493235093007548247,-0.1,0.331,-0.048
dvl,26636,1493235093186395387,-0.096,0.331,-0.044
dvl,26637,1493235093332248134,-0.096,0.324,-0.043000000000000003
dvl,26638,1493235093483225129,-0.088,0.321,-0.041
dvl,26639,1493235093638118782,-0.08700000000000001,0.324,-0.044
dvl,26640,1493235093791980062,-0.084,0.325,-0.044
dvl,26641,1493235093946873124,-0.068,0.311,-0.049
dvl,26642,1493235094101721263,-0.066,0.303,-0.048
dvl,26643,1493235094256648899,-0.052000000000000005,0.298,-0.052000000000000005
dvl,26644,1493235094435529545,-0.044,0.29,-0.055
dvl,26645,1493235094603403447,-0.038,0.28300000000000003,-0.056
dvl,26646,1493235094757349393,-0.027,0.277,-0.056
dvl,26647,1493235094912202118,-0.024,0.274,-0.058
dvl,26648,1493235095067179113,-0.013000000000000001,0.266,-0.061
dvl,26649,1493235095222117844,-0.003,0.24,-0.065
dvl,26650,1493235095377022727,0.01,0.209,-0.066
dvl,26651,1493235095530931439,0.012,0.201,-0.068
dvl,26652,1493235095709730418,0.013000000000000001,0.201,-0.068
dvl,26653,1493235095873695144,0.017,0.169,-0.068
dvl,26654,1493235096025574544,0.021,0.14300000000000002,-0.068
dvl,26655,1493235096176460763,0.014,0.14,-0.064
dvl,26656,1493235096327359381,0.014,0.133,-0.058
dvl,26657,1493235096478256566,0.014,0.129,-0.049
dvl,26658,1493235096629176637,0.014,0.129,-0.042
dvl,26659,1493235096780016124,0.013000000000000001,0.14300000000000002,-0.038
dvl,26660,1493235096954975505,0.012,0.163,-0.035
dvl,26661,1493235097118855064,0.009000000000000001,0.189,-0.031
dvl,26662,1493235097268769442,0.01,0.20700000000000002,-0.03
dvl,26663,1493235097419627923,0.016,0.224,-0.029
dvl,26664,1493235097570546925,0.017,0.243,-0.029
dvl,26665,1493235097720440400,0.024,0.258,-0.027
dvl,26666,1493235097871347116,0.016,0.263,-0.027
dvl,26667,1493235098021274667,0.004,0.273,-0.027
dvl,26668,1493235098195155367,0.012,0.198,-0.029
dvl,26669,1493235098359037322,0.026000000000000002,0.129,-0.032
dvl,26670,1493235098509035526,0.029,0.08700000000000001,-0.036000000000000004
dvl,26671,1493235098658882128,0.031,0.056,-0.037
dvl,26672,1493235098808785636,0.03,0.029,-0.042
dvl,26673,1493235098959668977,0.025,0.039,-0.045
dvl,26674,1493235099109641650,0.009000000000000001,0.082,-0.042
dvl,26675,1493235099259487590,-0.002,0.099,-0.042
dvl,26676,1493235099433376556,-0.031,0.10400000000000001,-0.04
dvl,26677,1493235099596252772,-0.07,0.09,-0.038
dvl,26678,1493235099746135678,-0.08700000000000001,0.039,-0.032
dvl,26679,1493235099893015845,-0.094,-0.029,-0.022
dvl,26680,1493235100042984274,-0.1,-0.047,-0.02
dvl,26681,1493235100189885662,-0.094,-0.107,-0.014
dvl,26682,1493235100336732948,-0.098,-0.159,-0.011
dvl,26683,1493235100486687465,-0.101,-0.193,-0.008
dvl,26684,1493235100660540435,-0.114,-0.202,-0.007
dvl,26685,1493235100820489746,-0.137,-0.171,0.001
dvl,26686,1493235100967367329,-0.169,-0.122,0.004
dvl,26687,1493235101114780188,-0.196,-0.11,0.015
dvl,26688,1493235101261226170,-0.20500000000000002,-0.10200000000000001,0.031
dvl,26689,1493235101408118299,-0.213,-0.091,0.045
dvl,26690,1493235101558020614,-0.224,-0.077,0.055
dvl,26691,1493235101707898233,-0.23,-0.059000000000000004,0.061
dvl,26692,1493235101882733559,-0.241,-0.038,0.065
dvl,26693,1493235102045676092,-0.242,-0.035,0.063
dvl,26694,1493235102195545511,-0.252,-0.018000000000000002,0.065
dvl,26695,1493235102346495176,-0.249,-0.011,0.066
dvl,26696,1493235102497357905,-0.251,-0.006,0.069
dvl,26697,1493235102647286020,-0.253,0.004,0.068
dvl,26698,1493235102798171658,-0.23900000000000002,-0.003,0.066
dvl,26699,1493235102949112252,-0.20500000000000002,-0.058,0.061
dvl,26700,1493235103123984425,-0.2,-0.05,0.049
dvl,26701,1493235103267830214,-0.20800000000000002,-0.025,0.045
dvl,26702,1493235103418754423,-0.198,-0.06,0.042
dvl,26703,1493235103569684578,-0.17200000000000001,-0.136,0.037
dvl,26704,1493235103700561483,-0.15,-0.183,0.03
dvl,26705,1493235103852461655,-0.155,-0.17400000000000002,0.025
dvl,26706,1493235103985368546,-0.162,-0.148,0.023
dvl,26707,1493235104115285886,-0.168,-0.15,0.024
dvl,26708,1493235104267166687,-0.159,-0.187,0.031
dvl,26709,1493235104445108703,-0.139,-0.248,0.034
dvl,26710,1493235104612994602,-0.128,-0.28800000000000003,0.035
dvl,26711,1493235104767798755,-0.124,-0.317,0.035
dvl,26712,1493235104922689526,-0.132,-0.316,0.038
dvl,26713,1493235105077639906,-0.127,-0.338,0.035
dvl,26714,1493235105232538333,-0.122,-0.34900000000000003,0.039
dvl,26715,1493235105386466795,-0.131,-0.309,0.047
dvl,26716,1493235105542310273,-0.138,-0.263,0.051000000000000004
dvl,26717,1493235105721210624,-0.123,-0.247,0.056
dvl,26718,1493235105889138932,-0.11800000000000001,-0.227,0.063
dvl,26719,1493235106023010903,-0.111,-0.216,0.068
dvl,26720,1493235106177919668,-0.10200000000000001,-0.199,0.065
dvl,26721,1493235106311837082,-0.083,-0.169,0.066
dvl,26722,1493235106466723415,-0.062,-0.158,0.058
dvl,26723,1493235106622578220,-0.044,-0.163,0.055
dvl,26724,1493235106778565219,-0.027,-0.162,0.045
dvl,26725,1493235106957425398,-0.002,-0.18,0.034
dvl,26726,1493235107126352809,0.003,-0.197,0.027
dvl,26727,1493235107282202578,0.005,-0.216,0.02
dvl,26728,1493235107438108996,0.014,-0.224,0.015
dvl,26729,1493235107593018263,0.022,-0.213,0.009000000000000001
dvl,26730,1493235107748981031,0.037,-0.188,0.007
dvl,26731,1493235107904834996,0.058,-0.177,0.005
dvl,26732,1493235108059733719,0.088,-0.186,-0.003
dvl,26733,1493235108239656792,0.093,-0.197,-0.008
dvl,26734,1493235108408562992,0.094,-0.202,-0.013000000000000001
dvl,26735,1493235108563478231,0.088,-0.23600000000000002,-0.019
dvl,26736,1493235108719359379,0.075,-0.257,-0.023
dvl,26737,1493235108853280138,0.074,-0.27,-0.028
dvl,26738,1493235109008180460,0.061,-0.277,-0.029
dvl,26739,1493235109164018591,0.056,-0.293,-0.028
dvl,26740,1493235109318978421,0.045,-0.307,-0.028
dvl,26741,1493235109497830228,0.019,-0.259,-0.022
dvl,26742,1493235109665749191,0.021,-0.23800000000000002,-0.021
dvl,26743,1493235109820697995,0.029,-0.232,-0.016
dvl,26744,1493235109974518122,0.033,-0.224,-0.012
dvl,26745,1493235110129407040,0.04,-0.216,-0.008
dvl,26746,1493235110262321268,0.057,-0.223,-0.009000000000000001
dvl,26747,1493235110417338352,0.074,-0.25,-0.011
dvl,26748,1493235110551168596,0.089,-0.28300000000000003,-0.018000000000000002
dvl,26749,1493235110708076966,0.09,-0.272,-0.023
dvl,26750,1493235110854975121,0.095,-0.20800000000000002,-0.018000000000000002
dvl,26751,1493235111009891243,0.095,-0.158,-0.027
dvl,26752,1493235111079831084,0.095,-0.158,-0.027
dvl,26753,1493235111152774580,0.095,-0.158,-0.027
dvl,26754,1493235111225734344,0.095,-0.158,-0.027
dvl,26755,1493235111373609032,0.122,-0.14100000000000001,-0.051000000000000004
dvl,26756,1493235111507555261,0.117,-0.129,-0.07
dvl,26757,1493235111662413518,0.121,-0.10400000000000001,-0.08600000000000001
dvl,26758,1493235111731401446,0.121,-0.10400000000000001,-0.08600000000000001
dvl,26759,1493235111902302021,0.11800000000000001,-0.089,-0.106
dvl,26760,1493235111984210554,0.11800000000000001,-0.089,-0.106
dvl,26761,1493235112151133913,0.11800000000000001,-0.10400000000000001,-0.11900000000000001
dvl,26762,1493235112306004781,0.13,-0.16,-0.122
dvl,26763,1493235112460876639,0.126,-0.223,-0.127
dvl,26764,1493235112593780920,0.11800000000000001,-0.28,-0.13
dvl,26765,1493235112745748413,0.12,-0.28400000000000003,-0.125
dvl,26766,1493235112900585716,0.115,-0.334,-0.123
dvl,26767,1493235113051487249,0.106,-0.36,-0.11800000000000001
dvl,26768,1493235113226352893,0.08700000000000001,-0.366,-0.111
dvl,26769,1493235113390257403,0.059000000000000004,-0.292,-0.097
dvl,26770,1493235113541207835,0.024,-0.251,-0.089
dvl,26771,1493235113692085528,-0.006,-0.222,-0.081
dvl,26772,1493235113842001199,-0.016,-0.115,-0.081
dvl,26773,1493235113992894721,-0.004,-0.092,-0.079
dvl,26774,1493235114142772637,0.009000000000000001,-0.10200000000000001,-0.079
dvl,26775,1493235114293680659,0.004,-0.097,-0.081
dvl,26776,1493235114447586913,-0.008,-0.081,-0.088
dvl,26777,1493235114610500046,-0.028,-0.047,-0.098
dvl,26778,1493235114740394965,-0.043000000000000003,-0.026000000000000002,-0.10400000000000001
dvl,26779,1493235114890290490,-0.057,0.003,-0.106
dvl,26780,1493235115017272061,-0.085,0.034,-0.114
dvl,26781,1493235115147187941,-0.10400000000000001,0.063,-0.11900000000000001
dvl,26782,1493235115274088966,-0.111,0.077,-0.122
dvl,26783,1493235115419985609,-0.115,0.08700000000000001,-0.122
dvl,26784,1493235115546872142,-0.12,0.077,-0.126
dvl,26785,1493235115716813181,-0.11800000000000001,0.074,-0.128
dvl,26786,1493235115875650726,-0.115,0.062,-0.131
dvl,26787,1493235116021603054,-0.11900000000000001,0.054,-0.133
dvl,26788,1493235116167466036,-0.112,0.048,-0.136
dvl,26789,1493235116312414990,-0.115,0.038,-0.135
dvl,26790,1493235116458318418,-0.12,0.036000000000000004,-0.138
dvl,26791,1493235116600225325,-0.12,0.029,-0.135
dvl,26792,1493235116743106071,-0.134,0.02,-0.137
dvl,26793,1493235116909039828,-0.151,0.025,-0.138
dvl,26794,1493235117063891646,-0.165,0.026000000000000002,-0.137
dvl,26795,1493235117205903823,-0.178,0.033,-0.136
dvl,26796,1493235117347711154,-0.191,0.033,-0.132
dvl,26797,1493235117488610152,-0.199,0.038,-0.125
dvl,26798,1493235117630530576,-0.20500000000000002,0.033,-0.11800000000000001
dvl,26799,1493235117771447682,-0.20500000000000002,0.034,-0.11
dvl,26800,1493235117893359509,-0.212,0.038,-0.106
dvl,26801,1493235118034261937,-0.218,0.044,-0.10200000000000001
dvl,26802,1493235118199112554,-0.23,0.064,-0.095
dvl,26803,1493235118349027708,-0.227,0.06,-0.092
dvl,26804,1493235118486998365,-0.233,0.041,-0.08600000000000001
dvl,26805,1493235118623839309,-0.253,0.012,-0.079
dvl,26806,1493235118761796617,-0.26,-0.017,-0.07100000000000001
dvl,26807,1493235118898677272,-0.259,-0.034,-0.063
dvl,26808,1493235119017579758,-0.246,-0.051000000000000004,-0.059000000000000004
dvl,26809,1493235119155502913,-0.246,-0.061,-0.058
dvl,26810,1493235119292407185,-0.23800000000000002,-0.068,-0.056
dvl,26811,1493235119453330563,-0.225,-0.078,-0.053
dvl,26812,1493235119585282449,-0.219,-0.077,-0.053
dvl,26813,1493235119649265340,-0.219,-0.077,-0.053
dvl,26814,1493235119775103497,-0.211,-0.098,-0.047
dvl,26815,1493235119901075399,-0.20800000000000002,-0.078,-0.055
dvl,26816,1493235120026991901,-0.194,-0.068,-0.056
dvl,26817,1493235120176842033,-0.199,-0.065,-0.055
dvl,26818,1493235120323767549,-0.177,-0.062,-0.049
dvl,26819,1493235120469685875,-0.164,-0.054,-0.046
dvl,26820,1493235120640608766,-0.153,-0.05,-0.042
dvl,26821,1493235120799445477,-0.148,-0.049,-0.036000000000000004
dvl,26822,1493235120945394931,-0.139,-0.046,-0.032
dvl,26823,1493235121091295208,-0.137,-0.043000000000000003,-0.028
dvl,26824,1493235121237218258,-0.137,-0.038,-0.023
dvl,26825,1493235121384062847,-0.146,-0.023,-0.021
dvl,26826,1493235121529971614,-0.158,-0.003,-0.019
dvl,26827,1493235121674986167,-0.166,0.011,-0.017
dvl,26828,1493235121844837962,-0.164,0.02,-0.013000000000000001
dvl,26829,1493235122003796612,-0.162,0.023,-0.008
dvl,26830,1493235122148682077,-0.161,0.023,-0.003
dvl,26831,1493235122294525719,-0.166,0.04,0.0
dvl,26832,1493235122440510147,-0.17300000000000001,0.06,-0.001
dvl,26833,1493235122585431242,-0.179,0.065,0.004
dvl,26834,1493235122731286026,-0.181,0.069,0.005
dvl,26835,1493235122877243567,-0.178,0.073,0.012
dvl,26836,1493235123047199333,-0.17500000000000002,0.07200000000000001,0.017
dvl,26837,1493235123206043118,-0.169,0.075,0.019
dvl,26838,1493235123350856734,-0.167,0.07100000000000001,0.023
dvl,26839,1493235123496793450,-0.162,0.07200000000000001,0.027
dvl,26840,1493235123643694421,-0.176,0.074,0.027
dvl,26841,1493235123789588631,-0.18,0.069,0.026000000000000002
dvl,26842,1493235123936490928,-0.181,0.08,0.031
dvl,26843,1493235124083399857,-0.185,0.079,0.032
dvl,26844,1493235124247300219,-0.186,0.076,0.036000000000000004
dvl,26845,1493235124394218304,-0.184,0.07100000000000001,0.037
dvl,26846,1493235124512163817,-0.186,0.067,0.038
dvl,26847,1493235124631060720,-0.183,0.078,0.037
dvl,26848,1493235124750006183,-0.179,0.069,0.039
dvl,26849,1493235124869042532,-0.17400000000000002,0.075,0.041
dvl,26850,1493235125005844575,-0.171,0.07,0.042
dvl,26851,1493235125142728626,-0.163,0.068,0.045
dvl,26852,1493235125280655651,-0.16,0.062,0.047
dvl,26853,1493235125441555532,-0.152,0.054,0.049
dvl,26854,1493235125591447200,-0.146,0.057,0.05
dvl,26855,1493235125729400380,-0.148,0.055,0.049
dvl,26856,1493235125866334142,-0.15,0.059000000000000004,0.048
dvl,26857,1493235126003184895,-0.148,0.059000000000000004,0.046
dvl,26858,1493235126141127980,-0.154,0.054,0.043000000000000003
dvl,26859,1493235126278004861,-0.161,0.056,0.042
dvl,26860,1493235126415892001,-0.159,0.058,0.04
dvl,26861,1493235126552886057,-0.162,0.052000000000000005,0.04
dvl,26862,1493235126714680078,-0.163,0.044,0.038
dvl,26863,1493235126865600627,-0.166,0.051000000000000004,0.034
dvl,26864,1493235127003556366,-0.166,0.044,0.032
dvl,26865,1493235127144489168,-0.168,0.045,0.031
dvl,26866,1493235127285358097,-0.171,0.04,0.03
dvl,26867,1493235127425304413,-0.178,0.036000000000000004,0.029
dvl,26868,1493235127567202641,-0.185,0.032,0.029
dvl,26869,1493235127708135143,-0.19,0.024,0.029
dvl,26870,1493235127849077334,-0.195,0.016,0.03
dvl,26871,1493235127994878054,-0.20500000000000002,-0.003,0.03
dvl,26872,1493235128149781422,-0.212,-0.012,0.032
dvl,26873,1493235128290732939,-0.219,-0.018000000000000002,0.034
dvl,26874,1493235128432610970,-0.222,-0.03,0.036000000000000004
dvl,26875,1493235128554544649,-0.216,-0.021,0.035
dvl,26876,1493235128696443749,-0.22,-0.012,0.034
dvl,26877,1493235128818355413,-0.218,-0.018000000000000002,0.033
dvl,26878,1493235128960283725,-0.216,-0.011,0.032
dvl,26879,1493235129082210847,-0.20700000000000002,-0.009000000000000001,0.034
dvl,26880,1493235129248079400,-0.216,-0.007,0.024
dvl,26881,1493235129402972436,-0.215,-0.01,0.026000000000000002
dvl,26882,1493235129525875263,-0.20600000000000002,-0.008,0.022
dvl,26883,1493235129667793334,-0.216,0.01,0.023
dvl,26884,1493235129808737700,-0.216,0.019,0.024
dvl,26885,1493235129950613586,-0.217,0.016,0.025
dvl,26886,1493235130092539087,-0.22,0.03,0.028
dvl,26887,1493235130234446259,-0.222,0.039,0.027
dvl,26888,1493235130358487320,-0.225,0.038,0.027
dvl,26889,1493235130522240228,-0.234,0.045,0.027
dvl,26890,1493235130658166501,-0.241,0.048,0.029
dvl,26891,1493235130781137277,-0.242,0.053,0.03
dvl,26892,1493235130903985119,-0.23600000000000002,0.046,0.034
dvl,26893,1493235131045889182,-0.23900000000000002,0.035,0.038
dvl,26894,1493235131168861690,-0.249,0.015,0.038
dvl,26895,1493235131310725084,-0.248,0.008,0.046
dvl,26896,1493235131452664757,-0.253,0.0,0.05
dvl,26897,1493235131594552323,-0.246,0.003,0.052000000000000005
dvl,26898,1493235131760400545,-0.23500000000000001,-0.007,0.056
dvl,26899,1493235131916310974,-0.23700000000000002,-0.014,0.056
dvl,26900,1493235132058171012,-0.233,-0.017,0.054
dvl,26901,1493235132184163653,-0.23,-0.015,0.05
dvl,26902,1493235132329051075,-0.226,-0.022,0.046
dvl,26903,1493235132474974964,-0.222,-0.023,0.042
dvl,26904,1493235132619835272,-0.216,-0.028,0.04
dvl,26905,1493235132765788943,-0.202,-0.018000000000000002,0.037
dvl,26906,1493235132891708157,-0.198,-0.025,0.035
dvl,26907,1493235133060603392,-0.191,-0.012,0.031
dvl,26908,1493235133220512066,-0.187,-0.014,0.027
dvl,26909,1493235133366353963,-0.183,-0.016,0.024
dvl,26910,1493235133512279696,-0.188,-0.006,0.022
dvl,26911,1493235133658200249,-0.187,0.001,0.02
dvl,26912,1493235133804145823,-0.194,0.02,0.016
dvl,26913,1493235133949992715,-0.201,0.036000000000000004,0.017
dvl,26914,1493235134076985600,-0.20500000000000002,0.025,0.021
dvl,26915,1493235134246776610,-0.21,0.026000000000000002,0.026000000000000002
dvl,26916,1493235134405688151,-0.211,0.036000000000000004,0.031
dvl,26917,1493235134551605078,-0.219,0.046,0.034
dvl,26918,1493235134698510494,-0.229,0.053,0.037
dvl,26919,1493235134844401128,-0.232,0.05,0.038
dvl,26920,1493235134971316744,-0.242,0.073,0.041
dvl,26921,1493235135118344809,-0.232,0.122,0.044
dvl,26922,1493235135264127095,-0.23800000000000002,0.139,0.044
dvl,26923,1493235135435089966,-0.232,0.115,0.049
dvl,26924,1493235135595014745,-0.225,0.096,0.046
dvl,26925,1493235135741839012,-0.228,0.077,0.047
dvl,26926,1493235135888788512,-0.217,0.069,0.044
dvl,26927,1493235136034651976,-0.213,0.055,0.041
dvl,26928,1493235136161559501,-0.215,0.036000000000000004,0.039
dvl,26929,1493235136308506536,-0.20800000000000002,0.065,0.039
dvl,26930,1493235136455385302,-0.21,0.12,0.036000000000000004
dvl,26931,1493235136606256043,-0.20600000000000002,0.122,0.035
dvl,26932,1493235136766168101,-0.20400000000000001,0.108,0.028
dvl,26933,1493235136895074175,-0.2,0.092,0.025
dvl,26934,1493235137045006058,-0.192,0.08700000000000001,0.021
dvl,26935,1493235137194880470,-0.19,0.073,0.018000000000000002
dvl,26936,1493235137344848473,-0.186,0.063,0.017
dvl,26937,1493235137494667581,-0.184,0.049,0.013000000000000001
dvl,26938,1493235137624623334,-0.18,0.031,0.012
dvl,26939,1493235137777511397,-0.179,0.02,0.008
dvl,26940,1493235137940428798,-0.18,0.027,0.003
dvl,26941,1493235138090283348,-0.17500000000000002,0.012,0.0
dvl,26942,1493235138240217489,-0.169,0.003,-0.004
dvl,26943,1493235138390073936,-0.165,-0.005,-0.008
dvl,26944,1493235138539995715,-0.166,-0.015,-0.01
dvl,26945,1493235138669964633,-0.167,-0.016,-0.014
dvl,26946,1493235138819888149,-0.171,0.008,-0.012
dvl,26947,1493235138993690980,-0.17500000000000002,0.026000000000000002,-0.012
dvl,26948,1493235139135583391,-0.179,0.037,-0.011
dvl,26949,1493235139265518252,-0.18,0.036000000000000004,-0.013000000000000001
dvl,26950,1493235139332500877,-0.18,0.036000000000000004,-0.013000000000000001
dvl,26951,1493235139402401761,-0.18,0.036000000000000004,-0.013000000000000001
dvl,26952,1493235139540331868,-0.185,0.044,-0.011
dvl,26953,1493235139689312630,-0.194,0.048,-0.011
dvl,26954,1493235139839193328,-0.192,0.046,-0.008
dvl,26955,1493235139989121323,-0.194,0.048,-0.007
dvl,26956,1493235140118990104,-0.186,0.053,-0.008
dvl,26957,1493235140272001189,-0.194,0.051000000000000004,-0.007
dvl,26958,1493235140434835407,-0.193,0.043000000000000003,-0.009000000000000001
dvl,26959,1493235140501797445,-0.193,0.043000000000000003,-0.009000000000000001
dvl,26960,1493235140571743841,-0.193,0.043000000000000003,-0.009000000000000001
dvl,26961,1493235140709726104,-0.188,0.033,-0.013000000000000001
dvl,26962,1493235140838542241,-0.188,0.018000000000000002,-0.017
dvl,26963,1493235140968535546,-0.191,0.004,-0.02
dvl,26964,1493235141034447138,-0.191,0.004,-0.02
dvl,26965,1493235141105401331,-0.191,0.004,-0.02
dvl,26966,1493235141175362344,-0.191,0.004,-0.02
dvl,26967,1493235141312267193,-0.171,-0.002,-0.021
dvl,26968,1493235141402198639,-0.171,-0.002,-0.021
dvl,26969,1493235141485138373,-0.171,-0.002,-0.021
dvl,26970,1493235141555085038,-0.171,-0.002,-0.021
dvl,26971,1493235141625020943,-0.171,-0.002,-0.021
dvl,26972,1493235141695000841,-0.171,-0.002,-0.021
dvl,26973,1493235141765002629,-0.171,-0.002,-0.021
dvl,26974,1493235141834907809,-0.171,-0.002,-0.021
dvl,26975,1493235141904899610,-0.171,-0.002,-0.021
dvl,26976,1493235141974821599,-0.171,-0.002,-0.021
dvl,26977,1493235142044795947,-0.171,-0.002,-0.021
dvl,26978,1493235142114736849,-0.171,-0.002,-0.021
dvl,26979,1493235142272705650,-0.171,-0.045,-0.015
dvl,26980,1493235142339589520,-0.171,-0.045,-0.015
dvl,26981,1493235142475502513,-0.187,-0.052000000000000005,-0.014
dvl,26982,1493235142566443373,-0.187,-0.052000000000000005,-0.014
dvl,26983,1493235142738355386,-0.186,-0.034,-0.012
dvl,26984,1493235142865241604,-0.194,-0.031,-0.01
dvl,26985,1493235142931141672,-0.194,-0.031,-0.01
dvl,26986,1493235143090028652,-0.19,-0.017,-0.007
dvl,26987,1493235143236992994,-0.187,-0.01,-0.007
dvl,26988,1493235143383887706,-0.183,-0.005,-0.006
dvl,26989,1493235143510744226,-0.187,0.0,-0.008
dvl,26990,1493235143577697854,-0.187,0.0,-0.008
dvl,26991,1493235143671648373,-0.187,0.0,-0.008
dvl,26992,1493235143754607333,-0.187,0.0,-0.008
dvl,26993,1493235143891500061,-0.187,0.013000000000000001,-0.01
dvl,26994,1493235144018415968,-0.187,0.01,-0.008
dvl,26995,1493235144085353391,-0.187,0.01,-0.008
dvl,26996,1493235144222275412,-0.184,0.013000000000000001,-0.004
dvl,26997,1493235144349237416,-0.19,0.009000000000000001,-0.003
dvl,26998,1493235144415186221,-0.19,0.009000000000000001,-0.003
dvl,26999,1493235144485113758,-0.19,0.009000000000000001,-0.003
dvl,27000,1493235144622070776,-0.184,0.017,0.003
dvl,27001,1493235144689027069,-0.184,0.017,0.003
dvl,27002,1493235144871882911,-0.187,0.015,0.006
dvl,27003,1493235144951843148,-0.187,0.015,0.006
dvl,27004,1493235145021779539,-0.187,0.015,0.006
dvl,27005,1493235145092725614,-0.187,0.015,0.006
dvl,27006,1493235145162717188,-0.187,0.015,0.006
dvl,27007,1493235145299595604,-0.195,-0.003,0.007
dvl,27008,1493235145428518971,-0.193,-0.006,0.006
dvl,27009,1493235145578421027,-0.185,-0.01,0.007
dvl,27010,1493235145645385315,-0.185,-0.01,0.007
dvl,27011,1493235145782311875,-0.188,-0.009000000000000001,0.008
dvl,27012,1493235145849262299,-0.188,-0.009000000000000001,0.008
dvl,27013,1493235145918214875,-0.188,-0.009000000000000001,0.008
dvl,27014,1493235146012227581,-0.188,-0.009000000000000001,0.008
dvl,27015,1493235146095085557,-0.188,-0.009000000000000001,0.008
dvl,27016,1493235146165066513,-0.188,-0.009000000000000001,0.008
dvl,27017,1493235146234981770,-0.188,-0.009000000000000001,0.008
dvl,27018,1493235146304978391,-0.188,-0.009000000000000001,0.008
dvl,27019,1493235146374880374,-0.188,-0.009000000000000001,0.008
dvl,27020,1493235146444883652,-0.188,-0.009000000000000001,0.008
dvl,27021,1493235146513864206,-0.188,-0.009000000000000001,0.008
dvl,27022,1493235146650737622,-0.19,0.002,0.008
dvl,27023,1493235146800620988,-0.169,-0.023,0.006
dvl,27024,1493235146929561152,-0.178,-0.006,0.006
dvl,27025,1493235147059445717,-0.192,0.024,0.014
dvl,27026,1493235147150422874,-0.192,0.024,0.014
dvl,27027,1493235147233415566,-0.192,0.024,0.014
dvl,27028,1493235147370310341,-0.185,0.043000000000000003,0.015
dvl,27029,1493235147500216851,-0.188,0.05,0.019
dvl,27030,1493235147628139129,-0.188,0.05,0.019
dvl,27031,1493235147694095820,-0.188,0.05,0.019
dvl,27032,1493235147764026981,-0.188,0.05,0.019
dvl,27033,1493235147900005656,-0.184,0.041,0.026000000000000002
dvl,27034,1493235148026887429,-0.163,-0.02,0.017
dvl,27035,1493235148176786817,-0.157,-0.039,0.015
dvl,27036,1493235148350686931,-0.147,-0.065,0.015
dvl,27037,1493235148493581103,-0.148,-0.084,0.013000000000000001
dvl,27038,1493235148622497026,-0.14,-0.106,0.008
dvl,27039,1493235148752429665,-0.136,-0.123,0.005
dvl,27040,1493235148902353422,-0.132,-0.129,0.002
dvl,27041,1493235149032332384,-0.13,-0.082,0.004
dvl,27042,1493235149162211031,-0.146,-0.048,-0.004
dvl,27043,1493235149312089969,-0.149,-0.014,-0.005
dvl,27044,1493235149441993926,-0.147,0.014,-0.003
dvl,27045,1493235149533004019,-0.147,0.014,-0.003
dvl,27046,1493235149685834482,-0.148,0.054,0.0
dvl,27047,1493235149815800582,-0.151,0.028,-0.004
dvl,27048,1493235149882692642,-0.151,0.028,-0.004
dvl,27049,1493235150045640498,-0.146,0.019,-0.004
dvl,27050,1493235150112622466,-0.146,0.019,-0.004
dvl,27051,1493235150183534206,-0.146,0.019,-0.004
dvl,27052,1493235150323459666,-0.153,0.016,-0.003
dvl,27053,1493235150390393481,-0.153,0.016,-0.003
dvl,27054,1493235150530309812,-0.167,0.02,-0.006
dvl,27055,1493235150660209940,-0.17,0.021,-0.002
dvl,27056,1493235150751179305,-0.17,0.021,-0.002
dvl,27057,1493235150904084681,-0.178,0.017,-0.002
dvl,27058,1493235151034031074,-0.178,0.017,-0.001
dvl,27059,1493235151100988305,-0.178,0.017,-0.001
dvl,27060,1493235151172027629,-0.178,0.017,-0.001
dvl,27061,1493235151242904075,-0.178,0.017,-0.001
dvl,27062,1493235151313822089,-0.178,0.017,-0.001
dvl,27063,1493235151384780011,-0.178,0.017,-0.001
dvl,27064,1493235151455755676,-0.178,0.017,-0.001
dvl,27065,1493235151526665380,-0.178,0.017,-0.001
dvl,27066,1493235151597621443,-0.178,0.017,-0.001
dvl,27067,1493235151668627930,-0.178,0.017,-0.001
dvl,27068,1493235151808487297,-0.185,-0.018000000000000002,0.001
dvl,27069,1493235151962368115,-0.187,-0.021,0.004
dvl,27070,1493235152042367410,-0.187,-0.021,0.004
dvl,27071,1493235152112335949,-0.187,-0.021,0.004
dvl,27072,1493235152183245409,-0.187,-0.021,0.004
dvl,27073,1493235152254206339,-0.187,-0.021,0.004
dvl,27074,1493235152324170458,-0.187,-0.021,0.004
dvl,27075,1493235152395138221,-0.187,-0.021,0.004
dvl,27076,1493235152466082114,-0.187,-0.021,0.004
dvl,27077,1493235152603049304,-0.187,-0.021,0.004
dvl,27078,1493235152733878905,-0.194,-0.037,0.01
dvl,27079,1493235152863800000,-0.2,-0.035,0.009000000000000001
dvl,27080,1493235152930740892,-0.2,-0.035,0.009000000000000001
dvl,27081,1493235153071700842,-0.197,-0.025,0.014
dvl,27082,1493235153246586962,-0.203,-0.017,0.012
dvl,27083,1493235153410457937,-0.197,-0.005,0.011
dvl,27084,1493235153540433781,-0.188,0.012,0.013000000000000001
dvl,27085,1493235153608381187,-0.188,0.012,0.013000000000000001
dvl,27086,1493235153748307097,-0.192,0.023,0.008
dvl,27087,1493235153879174354,-0.182,0.017,0.005
dvl,27088,1493235154030084559,-0.182,0.016,0.005
dvl,27089,1493235154098020898,-0.182,0.016,0.005
dvl,27090,1493235154168995096,-0.182,0.016,0.005
dvl,27091,1493235154240037821,-0.182,0.016,0.005
dvl,27092,1493235154311932701,-0.182,0.016,0.005
dvl,27093,1493235154476762680,-0.179,-0.006,0.014
dvl,27094,1493235154556746883,-0.179,-0.006,0.014
dvl,27095,1493235154697619312,-0.178,-0.006,0.018000000000000002
dvl,27096,1493235154765591846,-0.178,-0.006,0.018000000000000002
dvl,27097,1493235154837508810,-0.178,-0.006,0.018000000000000002
dvl,27098,1493235154977419245,-0.178,-0.007,0.019
dvl,27099,1493235155128456414,-0.17500000000000002,-0.017,0.016
dvl,27100,1493235155280314961,-0.17200000000000001,-0.027,0.016
dvl,27101,1493235155410163260,-0.17200000000000001,-0.04,0.016
dvl,27102,1493235155478115853,-0.17200000000000001,-0.04,0.016
dvl,27103,1493235155549076543,-0.17200000000000001,-0.04,0.016
dvl,27104,1493235155713981552,-0.177,-0.044,0.019
dvl,27105,1493235155857886628,-0.187,-0.05,0.021
dvl,27106,1493235155990781165,-0.189,-0.048,0.024
dvl,27107,1493235156121686106,-0.196,-0.053,0.027
dvl,27108,1493235156276601945,-0.20700000000000002,-0.046,0.034
dvl,27109,1493235156430538249,-0.212,-0.042,0.039
dvl,27110,1493235156585407980,-0.217,-0.034,0.044
dvl,27111,1493235156718291009,-0.224,-0.027,0.047
dvl,27112,1493235156873229191,-0.224,-0.025,0.044
dvl,27113,1493235157030085295,-0.22,-0.024,0.048
dvl,27114,1493235157198002735,-0.22,-0.023,0.052000000000000005
dvl,27115,1493235157352896604,-0.221,-0.031,0.055
dvl,27116,1493235157507848199,-0.219,-0.038,0.056
dvl,27117,1493235157663722582,-0.213,-0.037,0.053
dvl,27118,1493235157818628105,-0.211,-0.047,0.052000000000000005
dvl,27119,1493235157952520146,-0.209,-0.058,0.05
dvl,27120,1493235158086431368,-0.209,-0.065,0.048
dvl,27121,1493235158244364941,-0.202,-0.052000000000000005,0.045
dvl,27122,1493235158413206918,-0.193,-0.063,0.035
dvl,27123,1493235158569086165,-0.184,-0.068,0.027
dvl,27124,1493235158723992279,-0.184,-0.07200000000000001,0.017
dvl,27125,1493235158879936779,-0.186,-0.074,0.011
dvl,27126,1493235159014821169,-0.18,-0.075,0.004
dvl,27127,1493235159170775288,-0.178,-0.057,0.0
dvl,27128,1493235159326663925,-0.183,-0.067,-0.002
dvl,27129,1493235159509520244,-0.189,-0.061,-0.003
dvl,27130,1493235159678398775,-0.201,-0.049,0.0
dvl,27131,1493235159834350983,-0.211,-0.038,0.004
dvl,27132,1493235159990174710,-0.214,-0.028,0.007
dvl,27133,1493235160124120278,-0.222,-0.02,0.013000000000000001
dvl,27134,1493235160261008489,-0.226,-0.008,0.016
dvl,27135,1493235160416851306,-0.224,-0.002,0.017
dvl,27136,1493235160575803725,-0.227,0.004,0.019
dvl,27137,1493235160758650548,-0.229,0.008,0.021
dvl,27138,1493235160931528747,-0.225,0.019,0.021
dvl,27139,1493235161090404257,-0.22,0.013000000000000001,0.021
dvl,27140,1493235161226367200,-0.216,0.007,0.019
dvl,27141,1493235161386225649,-0.218,0.006,0.019
dvl,27142,1493235161523082647,-0.209,0.006,0.018000000000000002
dvl,27143,1493235161681995404,-0.209,0.004,0.016
dvl,27144,1493235161841878481,-0.20500000000000002,-0.001,0.011
dvl,27145,1493235162003788925,-0.194,0.001,0.006
dvl,27146,1493235162175729011,-0.189,0.0,0.0
dvl,27147,1493235162335526378,-0.186,0.0,-0.007
dvl,27148,1493235162405494418,-0.186,0.0,-0.007
dvl,27149,1493235162555435533,-0.181,-0.002,-0.014
dvl,27150,1493235162715281403,-0.179,0.0,-0.021
dvl,27151,1493235162875235611,-0.178,0.002,-0.026000000000000002
dvl,27152,1493235163035117252,-0.178,0.004,-0.026000000000000002
dvl,27153,1493235163217989636,-0.181,0.012,-0.027
dvl,27154,1493235163390892958,-0.183,0.036000000000000004,-0.028
dvl,27155,1493235163459883322,-0.183,0.036000000000000004,-0.028
dvl,27156,1493235163533746310,-0.183,0.036000000000000004,-0.028
dvl,27157,1493235163681701796,-0.181,0.06,-0.026000000000000002
dvl,27158,1493235163818619097,-0.177,0.064,-0.024
dvl,27159,1493235163955537389,-0.177,0.077,-0.021
dvl,27160,1493235164092428047,-0.17200000000000001,0.076,-0.021
dvl,27161,1493235164251383113,-0.169,0.084,-0.018000000000000002
dvl,27162,1493235164412234670,-0.161,0.085,-0.018000000000000002
dvl,27163,1493235164562143031,-0.163,0.091,-0.018000000000000002
dvl,27164,1493235164631130048,-0.163,0.091,-0.018000000000000002
dvl,27165,1493235164779048638,-0.15,0.08600000000000001,-0.018000000000000002
dvl,27166,1493235164937892328,-0.149,0.082,-0.018000000000000002
dvl,27167,1493235165096796055,-0.14400000000000002,0.075,-0.019
dvl,27168,1493235165166788896,-0.14400000000000002,0.075,-0.019
dvl,27169,1493235165314639631,-0.14100000000000001,0.059000000000000004,-0.023
dvl,27170,1493235165448555365,-0.133,0.043000000000000003,-0.02
dvl,27171,1493235165541512985,-0.133,0.043000000000000003,-0.02
dvl,27172,1493235165701413040,-0.135,0.017,-0.015
dvl,27173,1493235165770369788,-0.135,0.017,-0.015
dvl,27174,1493235165917266932,-0.147,-0.017,-0.007
dvl,27175,1493235165987255236,-0.147,-0.017,-0.007
dvl,27176,1493235166060206437,-0.147,-0.017,-0.007
dvl,27177,1493235166134175669,-0.147,-0.017,-0.007
dvl,27178,1493235166207165165,-0.147,-0.017,-0.007
dvl,27179,1493235166281063610,-0.147,-0.017,-0.007
dvl,27180,1493235166353995973,-0.147,-0.017,-0.007
dvl,27181,1493235166501855477,-0.147,-0.083,0.007
dvl,27182,1493235166637801406,-0.149,-0.079,0.011
dvl,27183,1493235166798695801,-0.137,-0.08600000000000001,0.009000000000000001
dvl,27184,1493235166946668011,-0.137,-0.08600000000000001,0.005
dvl,27185,1493235167105495362,-0.128,-0.08,-0.001
dvl,27186,1493235167242374840,-0.123,-0.057,-0.004
dvl,27187,1493235167312439152,-0.123,-0.057,-0.004
dvl,27188,1493235167386386763,-0.123,-0.057,-0.004
dvl,27189,1493235167537201540,-0.117,-0.06,-0.02
dvl,27190,1493235167696169748,-0.111,-0.06,-0.022
dvl,27191,1493235167855068166,-0.109,-0.059000000000000004,-0.024
dvl,27192,1493235168039007706,-0.101,-0.052000000000000005,-0.027
dvl,27193,1493235168211825530,-0.094,-0.053,-0.03
dvl,27194,1493235168348716702,-0.094,-0.061,-0.032
dvl,27195,1493235168485655593,-0.095,-0.062,-0.035
dvl,27196,1493235168554616086,-0.095,-0.062,-0.035
dvl,27197,1493235168702523938,-0.101,-0.064,-0.04
dvl,27198,1493235168771531633,-0.101,-0.064,-0.04
dvl,27199,1493235168919420522,-0.098,-0.043000000000000003,-0.044
dvl,27200,1493235169056363837,-0.10200000000000001,-0.049,-0.047
dvl,27201,1493235169217238686,-0.099,-0.055,-0.047
dvl,27202,1493235169390084866,-0.1,-0.06,-0.045
dvl,27203,1493235169549023681,-0.111,-0.047,-0.043000000000000003
dvl,27204,1493235169708010931,-0.116,-0.041,-0.042
dvl,27205,1493235169776884890,-0.116,-0.041,-0.042
dvl,27206,1493235169849811038,-0.116,-0.041,-0.042
dvl,27207,1493235169997758898,-0.126,-0.022,-0.038
dvl,27208,1493235170153619329,-0.13,-0.014,-0.034
dvl,27209,1493235170312522098,-0.14,-0.008,-0.03
dvl,27210,1493235170492425625,-0.146,0.008,-0.026000000000000002
dvl,27211,1493235170639360282,-0.151,0.008,-0.022
dvl,27212,1493235170798186046,-0.159,0.019,-0.017
dvl,27213,1493235170954096672,-0.165,0.023,-0.009000000000000001
dvl,27214,1493235171110012199,-0.164,0.034,-0.004
dvl,27215,1493235171265866101,-0.159,0.036000000000000004,-0.003
dvl,27216,1493235171421800466,-0.158,0.04,-0.002
dvl,27217,1493235171580657439,-0.158,0.035,0.001
dvl,27218,1493235171740591495,-0.149,0.04,0.004
dvl,27219,1493235171887494155,-0.149,0.032,0.003
dvl,27220,1493235171956533788,-0.149,0.032,0.003
dvl,27221,1493235172103372032,-0.153,0.025,0.0
dvl,27222,1493235172263229619,-0.145,0.028,0.0
dvl,27223,1493235172422122740,-0.137,0.025,-0.002
dvl,27224,1493235172558044915,-0.14,0.015,-0.007
dvl,27225,1493235172692991636,-0.134,0.013000000000000001,-0.006
dvl,27226,1493235172851884371,-0.13,0.016,-0.007
dvl,27227,1493235173009750981,-0.13,0.001,-0.007
dvl,27228,1493235173091786687,-0.13,0.001,-0.007
dvl,27229,1493235173238693356,-0.131,-0.013000000000000001,-0.004
dvl,27230,1493235173394540147,-0.132,-0.02,0.0
dvl,27231,1493235173553469023,-0.134,-0.028,0.004
dvl,27232,1493235173622406185,-0.134,-0.028,0.004
dvl,27233,1493235173794276709,-0.134,-0.03,0.01
dvl,27234,1493235173930163952,-0.134,-0.036000000000000004,0.009000000000000001
dvl,27235,1493235174090082479,-0.135,-0.041,0.01
dvl,27236,1493235174251004443,-0.132,-0.043000000000000003,0.013000000000000001
dvl,27237,1493235174422884055,-0.131,-0.045,0.017
dvl,27238,1493235174558813072,-0.133,-0.044,0.018000000000000002
dvl,27239,1493235174718671135,-0.129,-0.041,0.019
dvl,27240,1493235174855605161,-0.126,-0.042,0.019
dvl,27241,1493235174993506999,-0.129,-0.043000000000000003,0.019
dvl,27242,1493235175062520087,-0.129,-0.043000000000000003,0.019
dvl,27243,1493235175211376996,-0.12,-0.045,0.018000000000000002
dvl,27244,1493235175348330532,-0.122,-0.052000000000000005,0.019
dvl,27245,1493235175510227702,-0.116,-0.051000000000000004,0.018000000000000002
dvl,27246,1493235175684089878,-0.114,-0.059000000000000004,0.016
dvl,27247,1493235175820987077,-0.113,-0.067,0.015
dvl,27248,1493235175979893724,-0.108,-0.069,0.015
dvl,27249,1493235176049813495,-0.108,-0.069,0.015
dvl,27250,1493235176123802026,-0.108,-0.069,0.015
dvl,27251,1493235176196752285,-0.108,-0.069,0.015
dvl,27252,1493235176369617420,-0.11,-0.069,0.012
dvl,27253,1493235176529500679,-0.108,-0.069,0.011
dvl,27254,1493235176713367082,-0.105,-0.067,0.011
dvl,27255,1493235176887289908,-0.108,-0.065,0.013000000000000001
dvl,27256,1493235177025170437,-0.112,-0.048,0.011
dvl,27257,1493235177094126909,-0.112,-0.048,0.011
dvl,27258,1493235177168133604,-0.112,-0.048,0.011
dvl,27259,1493235177318995566,-0.125,-0.039,0.009000000000000001
dvl,27260,1493235177387993145,-0.125,-0.039,0.009000000000000001
dvl,27261,1493235177461897705,-0.125,-0.039,0.009000000000000001
dvl,27262,1493235177634786402,-0.125,-0.022,0.009000000000000001
dvl,27263,1493235177794713354,-0.13,-0.013000000000000001,0.008
dvl,27264,1493235177979562543,-0.135,-0.013000000000000001,0.01
dvl,27265,1493235178152467335,-0.134,-0.009000000000000001,0.011
dvl,27266,1493235178312376498,-0.135,-0.01,0.01
dvl,27267,1493235178450270744,-0.134,-0.013000000000000001,0.008
dvl,27268,1493235178587196685,-0.133,-0.011,0.006
dvl,27269,1493235178725110212,-0.13,-0.015,0.003
dvl,27270,1493235178863045065,-0.127,-0.023,0.0
dvl,27271,1493235179023043095,-0.127,-0.024,-0.002
dvl,27272,1493235179207789357,-0.127,-0.023,-0.007
dvl,27273,1493235179358691712,-0.133,-0.014,-0.01
dvl,27274,1493235179495669303,-0.132,-0.011,-0.014
dvl,27275,1493235179655554810,-0.134,-0.012,-0.015
dvl,27276,1493235179816408250,-0.133,-0.016,-0.015
dvl,27277,1493235179976373143,-0.132,-0.015,-0.017
dvl,27278,1493235180138031963,-0.14100000000000001,-0.011,-0.019
dvl,27279,1493235180274191418,-0.14300000000000002,-0.01,-0.02
dvl,27280,1493235180436059335,-0.149,0.002,-0.019
dvl,27281,1493235180590003282,-0.146,0.009000000000000001,-0.018000000000000002
dvl,27282,1493235180726908826,-0.15,0.012,-0.017
dvl,27283,1493235180864794901,-0.149,0.017,-0.014
dvl,27284,1493235181002712475,-0.147,0.022,-0.011
dvl,27285,1493235181162663727,-0.149,0.024,-0.011
dvl,27286,1493235181322518788,-0.148,0.029,-0.01
dvl,27287,1493235181483448747,-0.149,0.032,-0.009000000000000001
dvl,27288,1493235181666318767,-0.151,0.03,-0.005
dvl,27289,1493235181839228456,-0.149,0.04,-0.004
dvl,27290,1493235181977127433,-0.149,0.045,-0.002
dvl,27291,1493235182137175947,-0.148,0.042,0.0
dvl,27292,1493235182296802412,-0.147,0.047,-0.001
dvl,27293,1493235182434749765,-0.147,0.044,-0.003
dvl,27294,1493235182504688143,-0.147,0.044,-0.003
dvl,27295,1493235182656628978,-0.14200000000000002,0.041,-0.006
dvl,27296,1493235182794567460,-0.14,0.041,-0.007
dvl,27297,1493235182958415522,-0.134,0.038,-0.007
dvl,27298,1493235183111365838,-0.13,0.031,-0.007
dvl,27299,1493235183271289410,-0.129,0.02,-0.008
dvl,27300,1493235183432078588,-0.126,0.015,-0.007
dvl,27301,1493235183569994867,-0.129,0.002,-0.009000000000000001
dvl,27302,1493235183706996329,-0.12,0.001,-0.009000000000000001
dvl,27303,1493235183867884745,-0.117,-0.004,-0.011
dvl,27304,1493235184027727090,-0.11,-0.01,-0.012
dvl,27305,1493235184121691343,-0.11,-0.01,-0.012
dvl,27306,1493235184286565578,-0.10400000000000001,-0.019,-0.015
dvl,27307,1493235184357485748,-0.10400000000000001,-0.019,-0.015
dvl,27308,1493235184508410565,-0.10300000000000001,-0.028,-0.016
dvl,27309,1493235184646318235,-0.101,-0.026000000000000002,-0.016
dvl,27310,1493235184784221717,-0.10200000000000001,-0.027,-0.017
dvl,27311,1493235184922130327,-0.10200000000000001,-0.028,-0.019
dvl,27312,1493235185082045822,-0.1,-0.033,-0.018000000000000002
dvl,27313,1493235185220002098,-0.101,-0.037,-0.019
dvl,27314,1493235185403798889,-0.096,-0.038,-0.019
dvl,27315,1493235185577745432,-0.1,-0.041,-0.018000000000000002
dvl,27316,1493235185647662246,-0.1,-0.041,-0.018000000000000002
dvl,27317,1493235185798596788,-0.10400000000000001,-0.042,-0.018000000000000002
dvl,27318,1493235185936460692,-0.10300000000000001,-0.043000000000000003,-0.015
dvl,27319,1493235186074417884,-0.10300000000000001,-0.041,-0.01
dvl,27320,1493235186211266483,-0.106,-0.043000000000000003,-0.009000000000000001
dvl,27321,1493235186349180453,-0.107,-0.049,-0.006
dvl,27322,1493235186513084358,-0.107,-0.049,-0.007
dvl,27323,1493235186675072105,-0.101,-0.05,-0.008
dvl,27324,1493235186847856001,-0.10300000000000001,-0.052000000000000005,-0.009000000000000001
dvl,27325,1493235186985739218,-0.105,-0.04,-0.008
dvl,27326,1493235187146619979,-0.114,-0.034,-0.012
dvl,27327,1493235187284512376,-0.114,-0.024,-0.009000000000000001
dvl,27328,1493235187421412191,-0.11,-0.024,-0.006
dvl,27329,1493235187559367015,-0.108,-0.022,-0.007
dvl,27330,1493235187700238188,-0.117,0.001,-0.009000000000000001
dvl,27331,1493235187884142325,-0.12,0.003,-0.012
dvl,27332,1493235188035060892,-0.116,0.009000000000000001,-0.012
dvl,27333,1493235188176000941,-0.12,0.008,-0.01
dvl,27334,1493235188313851877,-0.12,0.014,-0.009000000000000001
dvl,27335,1493235188451745055,-0.11800000000000001,0.027,-0.007
dvl,27336,1493235188589714144,-0.126,0.041,-0.013000000000000001
dvl,27337,1493235188749558263,-0.115,0.038,-0.013000000000000001
dvl,27338,1493235188909466392,-0.112,0.05,-0.018000000000000002
dvl,27339,1493235189004360120,-0.112,0.05,-0.018000000000000002
dvl,27340,1493235189091370439,-0.112,0.05,-0.018000000000000002
dvl,27341,1493235189243243679,-0.105,0.036000000000000004,-0.023
dvl,27342,1493235189313182233,-0.105,0.036000000000000004,-0.023
dvl,27343,1493235189387112012,-0.105,0.036000000000000004,-0.023
dvl,27344,1493235189538060722,-0.113,0.029,-0.028
dvl,27345,1493235189701959969,-0.11,0.019,-0.028
dvl,27346,1493235189839822038,-0.113,0.018000000000000002,-0.028
dvl,27347,1493235189979766420,-0.116,0.021,-0.028
dvl,27348,1493235190141195562,-0.124,0.019,-0.026000000000000002
dvl,27349,1493235190301556419,-0.13,0.025,-0.021
dvl,27350,1493235190475444198,-0.132,0.033,-0.016
dvl,27351,1493235190635342222,-0.139,0.042,-0.013000000000000001
dvl,27352,1493235190796232132,-0.14200000000000002,0.053,-0.009000000000000001
dvl,27353,1493235190956095322,-0.14100000000000001,0.063,-0.003
dvl,27354,1493235191094077261,-0.147,0.07200000000000001,0.0
dvl,27355,1493235191253904934,-0.148,0.076,0.005
dvl,27356,1493235191391791387,-0.147,0.077,0.01
dvl,27357,1493235191575712774,-0.14,0.07,0.012
dvl,27358,1493235191749597800,-0.138,0.067,0.012
dvl,27359,1493235191887533610,-0.132,0.059000000000000004,0.011
dvl,27360,1493235192047428537,-0.125,0.052000000000000005,0.008
dvl,27361,1493235192187341640,-0.126,0.04,0.002
dvl,27362,1493235192325241305,-0.117,0.049,-0.002
dvl,27363,1493235192463129334,-0.113,0.047,-0.008
dvl,27364,1493235192601049486,-0.114,0.029,-0.014
dvl,27365,1493235192763013608,-0.108,0.026000000000000002,-0.018000000000000002
dvl,27366,1493235192939791339,-0.108,0.021,-0.021
dvl,27367,1493235193077740745,-0.108,0.01,-0.022
dvl,27368,1493235193215668210,-0.10200000000000001,0.004,-0.021
dvl,27369,1493235193355620765,-0.10300000000000001,0.004,-0.021
dvl,27370,1493235193493473249,-0.108,-0.01,-0.016
dvl,27371,1493235193634384087,-0.101,-0.026000000000000002,-0.014
dvl,27372,1493235193794341293,-0.108,-0.032,-0.007
dvl,27373,1493235193956162647,-0.109,-0.047,-0.002
dvl,27374,1493235194107111166,-0.109,-0.052000000000000005,0.002
dvl,27375,1493235194244999007,-0.115,-0.056,0.005
dvl,27376,1493235194314999365,-0.115,-0.056,0.005
dvl,27377,1493235194389921932,-0.115,-0.056,0.005
dvl,27378,1493235194566764485,-0.122,-0.063,0.014
dvl,27379,1493235194730642779,-0.127,-0.048,0.015
dvl,27380,1493235194893525500,-0.11800000000000001,-0.032,0.012
dvl,27381,1493235195057428843,-0.12,-0.025,0.009000000000000001
dvl,27382,1493235195245365384,-0.114,-0.028,0.006
dvl,27383,1493235195399277021,-0.109,-0.032,0.006
dvl,27384,1493235195539168447,-0.115,-0.03,0.001
dvl,27385,1493235195677054142,-0.105,-0.018000000000000002,0.0
dvl,27386,1493235195818038756,-0.109,-0.016,-0.006
dvl,27387,1493235195955871140,-0.109,-0.018000000000000002,-0.008
dvl,27388,1493235196115751308,-0.12,-0.02,-0.005
dvl,27389,1493235196256657660,-0.123,-0.023,-0.006
dvl,27390,1493235196443563744,-0.129,-0.012,-0.004
dvl,27391,1493235196620426199,-0.134,-0.01,0.0
dvl,27392,1493235196784298824,-0.139,-0.011,0.001
dvl,27393,1493235196924279601,-0.146,-0.006,0.002
dvl,27394,1493235197085115516,-0.14300000000000002,-0.004,0.003
dvl,27395,1493235197226045317,-0.137,-0.007,0.003
dvl,27396,1493235197367062820,-0.137,-0.009000000000000001,-0.01
dvl,27397,1493235197506849757,-0.136,-0.011,-0.046
dvl,27398,1493235197690769780,-0.136,-0.004,-0.091
dvl,27399,1493235197844679522,-0.15,-0.001,-0.124
dvl,27400,1493235197985619093,-0.15,-0.01,-0.146
dvl,27401,1493235198145448315,-0.157,-0.018000000000000002,-0.167
dvl,27402,1493235198283352040,-0.17300000000000001,-0.02,-0.182
dvl,27403,1493235198443324550,-0.187,-0.014,-0.194
dvl,27404,1493235198581161277,-0.20700000000000002,-0.015,-0.198
dvl,27405,1493235198650132064,-0.20700000000000002,-0.015,-0.198
dvl,27406,1493235198826070616,-0.224,-0.026000000000000002,-0.202
dvl,27407,1493235198987001309,-0.247,-0.031,-0.203
dvl,27408,1493235199155855464,-0.269,-0.041,-0.196
dvl,27409,1493235199289800462,-0.28800000000000003,-0.036000000000000004,-0.192
dvl,27410,1493235199358731283,-0.28800000000000003,-0.036000000000000004,-0.192
dvl,27411,1493235199430683568,-0.28800000000000003,-0.036000000000000004,-0.192
dvl,27412,1493235199598621661,-0.321,-0.031,-0.17500000000000002
dvl,27413,1493235199732462307,-0.337,-0.026000000000000002,-0.168
dvl,27414,1493235199800414592,-0.337,-0.026000000000000002,-0.168
dvl,27415,1493235199943315642,-0.36,-0.015,-0.158
dvl,27416,1493235200012285018,-0.36,-0.015,-0.158
dvl,27417,1493235200108186724,-0.36,-0.015,-0.158
dvl,27418,1493235200193126624,-0.36,-0.015,-0.158
dvl,27419,1493235200360049953,-0.389,-0.008,-0.152
dvl,27420,1493235200511017513,-0.399,-0.008,-0.147
dvl,27421,1493235200661882009,-0.392,-0.016,-0.145
dvl,27422,1493235200790841850,-0.389,-0.009000000000000001,-0.139
dvl,27423,1493235200941668393,-0.38,-0.01,-0.137
dvl,27424,1493235201091570078,-0.371,-0.008,-0.14300000000000002
dvl,27425,1493235201221560572,-0.354,-0.008,-0.14300000000000002
dvl,27426,1493235201312410956,-0.354,-0.008,-0.14300000000000002
dvl,27427,1493235201395370578,-0.354,-0.008,-0.14300000000000002
dvl,27428,1493235201533283067,-0.332,-0.019,-0.14200000000000002
dvl,27429,1493235201599288396,-0.332,-0.019,-0.14200000000000002
dvl,27430,1493235201669225553,-0.332,-0.019,-0.14200000000000002
dvl,27431,1493235201740191230,-0.332,-0.019,-0.14200000000000002
dvl,27432,1493235201877105718,-0.312,-0.035,-0.14200000000000002
dvl,27433,1493235202003004079,-0.307,-0.033,-0.14300000000000002
dvl,27434,1493235202130011120,-0.294,-0.041,-0.148
dvl,27435,1493235202194903911,-0.294,-0.041,-0.148
dvl,27436,1493235202263850238,-0.294,-0.041,-0.148
dvl,27437,1493235202418756175,-0.28400000000000003,-0.061,-0.154
dvl,27438,1493235202587645801,-0.292,-0.054,-0.157
dvl,27439,1493235202745543296,-0.28300000000000003,-0.059000000000000004,-0.156
dvl,27440,1493235202810487375,-0.28300000000000003,-0.059000000000000004,-0.156
dvl,27441,1493235202879432436,-0.28300000000000003,-0.059000000000000004,-0.156
dvl,27442,1493235203011341979,-0.278,-0.044,-0.162
dvl,27443,1493235203134274845,-0.267,-0.035,-0.17
dvl,27444,1493235203199185765,-0.267,-0.035,-0.17
dvl,27445,1493235203267186374,-0.267,-0.035,-0.17
dvl,27446,1493235203397170470,-0.277,-0.046,-0.167
dvl,27447,1493235203520003449,-0.292,-0.031,-0.159
dvl,27448,1493235203660891565,-0.28800000000000003,-0.027,-0.158
dvl,27449,1493235203821839430,-0.281,-0.027,-0.148
dvl,27450,1493235203972658884,-0.28700000000000003,-0.033,-0.131
dvl,27451,1493235204091563455,-0.28200000000000003,-0.026000000000000002,-0.111
dvl,27452,1493235204209543048,-0.275,-0.04,-0.076
dvl,27453,1493235204346427241,-0.272,-0.04,-0.037
dvl,27454,1493235204483352875,-0.26,-0.036000000000000004,0.009000000000000001
dvl,27455,1493235204602282684,-0.243,-0.045,0.052000000000000005
dvl,27456,1493235204739124360,-0.231,-0.036000000000000004,0.08600000000000001
dvl,27457,1493235204875076946,-0.219,-0.03,0.115
dvl,27458,1493235205016003072,-0.219,-0.03,0.115
dvl,27459,1493235205147839196,-0.219,-0.03,0.115
dvl,27460,1493235205282869061,-0.168,-0.044,0.121
dvl,27461,1493235205346814984,-0.168,-0.044,0.121
dvl,27462,1493235205475667425,-0.14100000000000001,-0.016,0.124
dvl,27463,1493235205540662234,-0.14100000000000001,-0.016,0.124
dvl,27464,1493235205670620644,-0.108,0.0,0.115
dvl,27465,1493235205796487637,-0.089,0.002,0.108
dvl,27466,1493235205862423284,-0.089,0.002,0.108
dvl,27467,1493235205931432509,-0.089,0.002,0.108
dvl,27468,1493235206000315360,-0.089,0.002,0.108
dvl,27469,1493235206133290185,-0.026000000000000002,0.03,0.073
dvl,27470,1493235206223206543,-0.026000000000000002,0.03,0.073
dvl,27471,1493235206304114756,-0.026000000000000002,0.03,0.073
dvl,27472,1493235206372119800,-0.026000000000000002,0.03,0.073
dvl,27473,1493235206440001863,-0.026000000000000002,0.03,0.073
dvl,27474,1493235206507989735,-0.026000000000000002,0.03,0.073
dvl,27475,1493235206575895136,-0.026000000000000002,0.03,0.073
dvl,27476,1493235206643855486,-0.026000000000000002,0.03,0.073
dvl,27477,1493235206775785879,0.021,0.058,-0.046
dvl,27478,1493235206899711423,0.021,0.058,-0.046
dvl,27479,1493235207021643672,0.021,0.058,-0.046
dvl,27480,1493235207086605637,0.021,0.058,-0.046
dvl,27481,1493235207154550797,0.021,0.058,-0.046
dvl,27482,1493235207283461133,-0.021,0.07200000000000001,-0.066
dvl,27483,1493235207430388338,-0.04,0.064,-0.057
dvl,27484,1493235207584264722,-0.062,0.065,-0.046
dvl,27485,1493235207706182128,-0.08,0.047,-0.03
dvl,27486,1493235207828073081,-0.098,0.035,-0.011
dvl,27487,1493235207948041509,-0.116,0.035,0.004
dvl,27488,1493235208088894072,-0.13,0.022,0.027
dvl,27489,1493235208210863914,-0.14100000000000001,0.01,0.048
dvl,27490,1493235208351730006,-0.151,0.014,0.067
dvl,27491,1493235208492631968,-0.158,0.01,0.082
dvl,27492,1493235208658558689,-0.16,0.012,0.098
dvl,27493,1493235208812439447,-0.171,0.014,0.107
dvl,27494,1493235208954374848,-0.181,0.015,0.113
dvl,27495,1493235209094232123,-0.192,0.013000000000000001,0.11800000000000001
dvl,27496,1493235209236120278,-0.196,0.01,0.124
dvl,27497,1493235209378046665,-0.199,0.007,0.126
dvl,27498,1493235209518028334,-0.2,0.004,0.11900000000000001
dvl,27499,1493235209641903179,-0.21,0.012,0.099
dvl,27500,1493235209787760023,-0.213,0.017,0.078
dvl,27501,1493235209956672539,-0.216,0.015,0.053
dvl,27502,1493235210115586427,-0.221,0.015,0.032
dvl,27503,1493235210241564328,-0.222,0.015,0.015
dvl,27504,1493235210387374201,-0.224,-0.005,0.0
dvl,27505,1493235210533320398,-0.22,-0.02,-0.013000000000000001
dvl,27506,1493235210679255218,-0.228,-0.035,-0.021
dvl,27507,1493235210825157630,-0.23900000000000002,-0.044,-0.035
dvl,27508,1493235210971032602,-0.248,-0.057,-0.044
dvl,27509,1493235211139856910,-0.257,-0.063,-0.054
dvl,27510,1493235211278862918,-0.264,-0.05,-0.063
dvl,27511,1493235211404675714,-0.268,-0.064,-0.062
dvl,27512,1493235211527602748,-0.273,-0.068,-0.063
dvl,27513,1493235211651511543,-0.277,-0.074,-0.063
dvl,27514,1493235211796421894,-0.29,-0.07,-0.062
dvl,27515,1493235211922423320,-0.28800000000000003,-0.07200000000000001,-0.061
dvl,27516,1493235212067265376,-0.304,-0.073,-0.059000000000000004
dvl,27517,1493235212133241267,-0.304,-0.073,-0.059000000000000004
dvl,27518,1493235212265120693,-0.313,-0.065,-0.053
dvl,27519,1493235212413007684,-0.313,-0.065,-0.053
dvl,27520,1493235212548907581,-0.35000000000000003,-0.039,-0.042
dvl,27521,1493235212673860934,-0.36,-0.042,-0.035
dvl,27522,1493235212797743384,-0.368,-0.041,-0.028
dvl,27523,1493235212862708476,-0.368,-0.041,-0.028
dvl,27524,1493235212931621975,-0.368,-0.041,-0.028
dvl,27525,1493235213063584014,-0.383,-0.064,-0.017
dvl,27526,1493235213129591943,-0.383,-0.064,-0.017
dvl,27527,1493235213282473695,-0.397,-0.063,-0.012
dvl,27528,1493235213348368331,-0.397,-0.063,-0.012
dvl,27529,1493235213501228766,-0.388,-0.076,-0.015
dvl,27530,1493235213648132742,-0.386,-0.076,-0.018000000000000002
dvl,27531,1493235213785035793,-0.374,-0.078,-0.024
dvl,27532,1493235213907999532,-0.376,-0.08600000000000001,-0.027
dvl,27533,1493235214030900111,-0.38,-0.08600000000000001,-0.03
dvl,27534,1493235214153031467,-0.38,-0.08600000000000001,-0.03
dvl,27535,1493235214216823961,-0.38,-0.08600000000000001,-0.03
dvl,27536,1493235214285756308,-0.38,-0.08600000000000001,-0.03
dvl,27537,1493235214417700180,-0.367,-0.098,-0.045
dvl,27538,1493235214563580758,-0.355,-0.09,-0.047
dvl,27539,1493235214686485999,-0.352,-0.095,-0.053
dvl,27540,1493235214836346898,-0.34900000000000003,-0.089,-0.055
dvl,27541,1493235214914351292,-0.34900000000000003,-0.089,-0.055
dvl,27542,1493235214983275536,-0.34900000000000003,-0.089,-0.055
dvl,27543,1493235215116207405,-0.34400000000000003,-0.08600000000000001,-0.062
dvl,27544,1493235215242150263,-0.334,-0.077,-0.066
dvl,27545,1493235215365067645,-0.333,-0.08,-0.07200000000000001
dvl,27546,1493235215488010379,-0.332,-0.083,-0.07200000000000001
dvl,27547,1493235215629902618,-0.327,-0.079,-0.07100000000000001
dvl,27548,1493235215771758945,-0.314,-0.079,-0.073
dvl,27549,1493235215914667591,-0.312,-0.054,-0.075
dvl,27550,1493235216080564551,-0.304,-0.057,-0.076
dvl,27551,1493235216235488105,-0.304,-0.049,-0.074
dvl,27552,1493235216358425088,-0.3,-0.037,-0.073
dvl,27553,1493235216481349201,-0.297,-0.039,-0.07100000000000001
dvl,27554,1493235216604232188,-0.292,-0.036000000000000004,-0.07100000000000001
dvl,27555,1493235216746198418,-0.291,-0.033,-0.07
dvl,27556,1493235216888039869,-0.28400000000000003,-0.029,-0.069
dvl,27557,1493235217030058053,-0.28500000000000003,-0.022,-0.066
dvl,27558,1493235217171850396,-0.292,-0.017,-0.067
dvl,27559,1493235217336800910,-0.293,-0.014,-0.065
dvl,27560,1493235217491622726,-0.28800000000000003,-0.01,-0.064
dvl,27561,1493235217633583475,-0.28300000000000003,-0.008,-0.064
dvl,27562,1493235217774470683,-0.274,-0.009000000000000001,-0.061
dvl,27563,1493235217915442423,-0.266,0.0,-0.064
dvl,27564,1493235217980401002,-0.266,0.0,-0.064
dvl,27565,1493235218129341326,-0.266,0.0,-0.064
dvl,27566,1493235218251192342,-0.257,0.0,-0.063
dvl,27567,1493235218392122173,-0.257,0.0,-0.064
dvl,27568,1493235218538046269,-0.263,-0.006,-0.066
dvl,27569,1493235218670072806,-0.256,0.011,-0.064
dvl,27570,1493235218789922001,-0.253,0.002,-0.063
dvl,27571,1493235218908758193,-0.251,-0.005,-0.061
dvl,27572,1493235219046680409,-0.25,0.006,-0.059000000000000004
dvl,27573,1493235219165618995,-0.245,-0.003,-0.056
dvl,27574,1493235219230547099,-0.245,-0.003,-0.056
dvl,27575,1493235219354533221,-0.245,-0.003,-0.056
dvl,27576,1493235219471464477,-0.245,-0.003,-0.056
dvl,27577,1493235219589402051,-0.245,-0.003,-0.056
dvl,27578,1493235219732265958,-0.231,-0.004,-0.055
dvl,27579,1493235219863216046,-0.234,0.007,-0.056
dvl,27580,1493235219980125399,-0.234,0.007,-0.056
dvl,27581,1493235220097066779,-0.234,0.007,-0.056
dvl,27582,1493235220216006766,-0.23700000000000002,0.011,-0.06
dvl,27583,1493235220334919804,-0.243,0.013000000000000001,-0.057
dvl,27584,1493235220452872275,-0.23800000000000002,0.021,-0.058
dvl,27585,1493235220588812429,-0.23700000000000002,0.014,-0.057
dvl,27586,1493235220706763642,-0.23500000000000001,0.013000000000000001,-0.052000000000000005
dvl,27587,1493235220842631878,-0.233,0.018000000000000002,-0.052000000000000005
dvl,27588,1493235221006510089,-0.232,0.011,-0.052000000000000005
dvl,27589,1493235221152426144,-0.23600000000000002,0.011,-0.05
dvl,27590,1493235221292316110,-0.229,0.007,-0.05
dvl,27591,1493235221431278669,-0.23,0.006,-0.049
dvl,27592,1493235221577195963,-0.24,0.014,-0.049
dvl,27593,1493235221705130881,-0.232,0.015,-0.05
dvl,27594,1493235221851003032,-0.232,0.024,-0.05
dvl,27595,1493235221995896692,-0.23,0.02,-0.048
dvl,27596,1493235222141841739,-0.229,0.018000000000000002,-0.047
dvl,27597,1493235222310718110,-0.233,0.014,-0.045
dvl,27598,1493235222452597427,-0.23500000000000001,0.014,-0.044
dvl,27599,1493235222597516524,-0.242,0.013000000000000001,-0.043000000000000003
dvl,27600,1493235222742417851,-0.247,0.016,-0.04
dvl,27601,1493235222887305062,-0.246,0.023,-0.037
dvl,27602,1493235223015235186,-0.248,0.019,-0.035
dvl,27603,1493235223160190686,-0.246,0.018000000000000002,-0.034
dvl,27604,1493235223305112600,-0.256,0.006,-0.033
dvl,27605,1493235223450049543,-0.257,-0.002,-0.032
dvl,27606,1493235223619894118,-0.266,-0.011,-0.025
dvl,27607,1493235223760803894,-0.27,-0.025,-0.023
dvl,27608,1493235223887710023,-0.263,-0.034,-0.021
dvl,27609,1493235224014647127,-0.268,-0.034,-0.02
dvl,27610,1493235224158551774,-0.268,-0.032,-0.02
dvl,27611,1493235224286466116,-0.262,-0.042,-0.02
dvl,27612,1493235224430383095,-0.263,-0.047,-0.018000000000000002
dvl,27613,1493235224558302721,-0.261,-0.05,-0.017
dvl,27614,1493235224702148967,-0.259,-0.041,-0.018000000000000002
dvl,27615,1493235224871052541,-0.255,-0.046,-0.021
dvl,27616,1493235225029021065,-0.254,-0.039,-0.022
dvl,27617,1493235225173909009,-0.251,-0.039,-0.024
dvl,27618,1493235225318812789,-0.247,-0.04,-0.024
dvl,27619,1493235225463697176,-0.24,-0.037,-0.023
dvl,27620,1493235225584619739,-0.241,-0.041,-0.02
dvl,27621,1493235225705531392,-0.241,-0.039,-0.019
dvl,27622,1493235225826484145,-0.23700000000000002,-0.04,-0.015
dvl,27623,1493235225971339046,-0.243,-0.03,-0.017
dvl,27624,1493235226116273327,-0.23700000000000002,-0.034,-0.012
dvl,27625,1493235226250245369,-0.244,-0.038,-0.01
dvl,27626,1493235226371084596,-0.246,-0.04,-0.009000000000000001
dvl,27627,1493235226516003526,-0.245,-0.037,-0.007
dvl,27628,1493235226659999680,-0.242,-0.04,0.0
dvl,27629,1493235226779839529,-0.253,-0.043000000000000003,-0.003
dvl,27630,1493235226900801021,-0.252,-0.035,0.003
dvl,27631,1493235227022704924,-0.249,-0.032,0.005
dvl,27632,1493235227143576142,-0.256,-0.031,0.005
